has_form,form_count,has_iframe,iframe_count,has_script,script_count,has_password_input,password_input_count,submit_input_count,email_input_count,hidden_tag_count,anchor_count,empty_href_count,https_link_ratio,external_link_count,internal_link_count,internal_to_total_ratio,external_to_total_ratio,suspicious_anchor_count,onclick_event_count,has_js_redirect,js_redirect_count,right_click_disabled,has_popup,popup_count,submit_to_email,has_favicon,has_div_upper,has_base64,total_line_count,total_text_length,title,title_length,meta_description,comment_count,div_count,span_count,style_count,meta_count,img_count,label_count,select_count,audio_count,video_count,table_count,th_count,tr_count,td_count,li_count,ul_count,p_count,h1_count,h2_count,br_count,option_count,base_count,address_count,nav_count,figure_count,section_count,canvas_count,button_count,label,url
0,0,0,0,1,1,0,0,0,0,0,0,0,0.0,0,0,0.0,0.0,0,0,1,1,0,0,0,0,0,0,0,9,0,0,0,0,0,0,0,0,0,0,0,0,0,0,0,0,0,0,0,0,0,0,0,0,0,0,0,0,0,0,0,0,0,http://barrasparacortinas.com
0,0,0,0,1,1,0,0,0,0,0,0,0,0.0,0,0,0.0,0.0,0,0,1,1,0,0,0,0,0,0,0,9,0,0,0,0,0,0,0,0,0,0,0,0,0,0,0,0,0,0,0,0,0,0,0,0,0,0,0,0,0,0,0,0,0,http://mmazepr.com
0,0,0,0,1,3,0,0,0,0,0,4,0,0.0,0,4,1.0,0.0,0,3,0,0,0,0,0,0,0,0,0,69,140,1,17,0,0,2,0,1,2,1,0,0,0,0,1,3,2,3,0,0,0,1,0,0,0,0,1,0,0,0,0,0,0,https://myleatherluggageshop.com
0,0,0,0,1,9,0,0,0,0,0,3,0,1.0,3,0,0.0,1.0,1,0,1,8,0,0,0,0,1,0,0,693,135,1,17,1,5,9,2,6,16,0,0,0,0,0,0,0,0,0,0,0,3,0,0,0,0,0,0,0,0,0,0,0,0,http://altridumpsterrentals.com
0,0,0,0,1,5,0,0,0,0,0,8,0,1.0,8,0,0.0,1.0,1,0,1,1,0,0,0,0,0,0,0,152,679,1,45,1,0,20,5,1,4,2,0,0,0,0,0,0,0,0,4,1,4,0,1,6,0,0,0,1,0,0,0,1,0,https://readytechnologles.com
0,0,0,0,1,6,0,0,0,0,0,1,0,0.0,1,0,0.0,1.0,0,0,0,0,0,0,0,0,0,0,0,62,92,1,18,0,1,5,1,1,3,2,0,0,0,0,0,0,0,0,0,0,1,1,0,0,0,0,0,0,0,0,0,0,0,https://rudysroofinginc.com
0,0,0,0,1,5,0,0,0,0,0,1,0,0.0,0,1,1.0,0.0,0,0,0,0,0,0,0,0,1,0,0,57,103,1,23,0,1,4,1,0,2,1,0,0,0,0,0,0,0,0,0,0,0,0,0,1,0,0,0,1,0,0,0,0,0,https://colemacollc.com
0,0,0,0,1,1,0,0,0,0,0,0,0,0.0,0,0,0.0,0.0,0,0,1,1,0,0,0,0,0,0,0,9,0,0,0,0,0,0,0,0,0,0,0,0,0,0,0,0,0,0,0,0,0,0,0,0,0,0,0,0,0,0,0,0,1,http://ryzupscheduler.com
0,0,0,0,1,6,0,0,0,0,0,1,0,0.0,1,0,0.0,1.0,0,0,0,0,0,0,0,0,0,0,0,62,98,1,18,0,1,5,1,1,3,2,0,0,0,0,0,0,0,0,0,0,1,1,0,0,0,0,0,0,0,0,0,0,0,http://goodneighbortransport.com
0,0,0,0,1,6,0,0,0,0,0,1,0,0.0,1,0,0.0,1.0,0,0,0,0,0,0,0,0,0,0,0,62,101,1,18,0,1,5,1,1,3,2,0,0,0,0,0,0,0,0,0,0,1,1,0,0,0,0,0,0,0,0,0,0,0,https://toledocommercialpainting.net
0,0,0,0,1,2,0,0,0,0,0,0,0,0.0,0,0,0.0,0.0,0,0,0,0,0,0,0,0,1,0,1,19,0,0,0,0,0,1,0,0,2,0,0,0,0,0,0,0,0,0,0,0,0,0,0,0,0,0,0,0,0,0,0,0,0,https://saintlouishotelsguide.com
0,0,0,0,1,6,0,0,0,0,0,1,0,0.0,1,0,0.0,1.0,0,0,0,0,0,0,0,0,0,0,0,62,94,1,18,0,1,5,1,1,3,2,0,0,0,0,0,0,0,0,0,0,1,1,0,0,0,0,0,0,0,0,0,0,0,https://jirehconstruction.org
0,0,0,0,1,8,0,0,0,0,0,3,0,1.0,3,0,0.0,1.0,1,0,1,3,0,0,0,0,1,0,0,449,172,1,20,1,4,9,2,6,17,0,0,0,0,0,0,0,0,0,0,0,3,0,0,0,0,0,0,0,0,0,0,0,0,http://cocobenlemariage.com
0,0,0,0,1,1,0,0,0,0,0,0,0,0.0,0,0,0.0,0.0,0,0,1,1,0,0,0,0,0,0,0,9,0,0,0,0,0,0,0,0,0,0,0,0,0,0,0,0,0,0,0,0,0,0,0,0,0,0,0,0,0,0,0,0,0,https://thesanctityfoundation.org
0,0,0,0,1,5,0,0,0,0,0,8,0,1.0,8,0,0.0,1.0,1,0,1,1,0,0,0,0,0,0,0,152,679,1,45,1,0,20,5,1,4,2,0,0,0,0,0,0,0,0,4,1,4,0,1,6,0,0,0,1,0,0,0,1,0,https://casa141arquitetura.com
0,0,0,0,1,6,0,0,0,0,0,1,0,0.0,1,0,0.0,1.0,0,0,0,0,0,0,0,0,0,0,0,62,86,1,18,0,1,5,1,1,3,2,0,0,0,0,0,0,0,0,0,0,1,1,0,0,0,0,0,0,0,0,0,0,0,http://myteccomp.com
0,0,0,0,1,6,0,0,0,0,0,1,0,0.0,1,0,0.0,1.0,0,0,0,0,0,0,0,0,0,0,0,62,89,1,18,0,1,5,1,1,3,2,0,0,0,0,0,0,0,0,0,0,1,1,0,0,0,0,0,0,0,0,0,0,0,https://barbaybosque.com
0,0,0,0,1,5,0,0,0,0,0,8,0,1.0,8,0,0.0,1.0,1,0,1,1,0,0,0,0,0,0,0,152,679,1,45,1,0,20,5,1,4,2,0,0,0,0,0,0,0,0,4,1,4,0,1,6,0,0,0,1,0,0,0,1,0,https://rasakraft.com
0,0,0,0,1,6,0,0,0,0,0,1,0,0.0,1,0,0.0,1.0,0,0,0,0,0,0,0,0,0,0,0,62,92,1,18,0,1,5,1,1,3,2,0,0,0,0,0,0,0,0,0,0,1,1,0,0,0,0,0,0,0,0,0,0,0,http://bullheadventure.com
0,0,1,1,1,4,0,0,0,0,0,0,0,0.0,0,0,0.0,0.0,0,0,1,1,0,0,0,0,0,0,0,74,24,1,31,1,1,2,0,0,2,0,0,0,0,0,0,0,0,0,0,0,0,0,0,0,0,0,0,0,0,0,0,0,0,https://home-roofing-bfykcw.zone
0,0,0,0,1,6,0,0,0,0,0,1,0,0.0,1,0,0.0,1.0,0,0,0,0,0,0,0,0,0,0,0,62,94,1,18,0,1,5,1,1,3,2,0,0,0,0,0,0,0,0,0,0,1,1,0,0,0,0,0,0,0,0,0,0,0,http://digitalproductsus.com
0,0,0,0,1,1,0,0,0,0,0,0,0,0.0,0,0,0.0,0.0,0,0,0,0,0,0,0,0,1,0,0,52,45,1,16,0,2,5,0,0,3,1,0,0,0,0,0,0,0,0,0,0,1,0,0,0,0,0,0,0,0,0,0,0,0,https://live-chat25.com
0,0,0,0,1,3,0,0,0,0,0,2,0,1.0,2,0,0.0,1.0,0,0,0,0,0,0,0,0,0,0,0,100,118,1,26,1,7,5,0,1,14,1,0,0,0,0,0,0,0,0,0,0,2,1,0,0,0,0,0,0,0,0,0,0,0,http://harmonyvips.com
0,0,0,0,1,1,0,0,0,0,0,0,0,0.0,0,0,0.0,0.0,0,0,1,1,0,0,0,0,0,0,0,9,0,0,0,0,0,0,0,0,0,0,0,0,0,0,0,0,0,0,0,0,0,0,0,0,0,0,0,0,0,0,0,0,0,http://lvomagasine.com
0,0,0,0,1,23,0,0,0,0,0,0,0,0.0,0,0,0.0,0.0,0,0,0,0,0,0,0,0,1,0,0,118,14266,1,62,1,2,2,0,0,20,0,0,0,0,0,0,0,0,0,0,0,0,0,0,0,0,0,0,0,0,0,0,0,0,https://mobilepay-online-dk.bio
0,0,0,0,1,6,0,0,0,0,0,1,0,0.0,1,0,0.0,1.0,0,0,0,0,0,0,0,0,0,0,0,62,91,1,18,0,1,5,1,1,3,2,0,0,0,0,0,0,0,0,0,0,1,1,0,0,0,0,0,0,0,0,0,0,0,http://shefabhcapital.com
0,0,0,0,1,1,0,0,0,0,0,0,0,0.0,0,0,0.0,0.0,0,0,1,1,0,0,0,0,0,0,0,9,0,0,0,0,0,0,0,0,0,0,0,0,0,0,0,0,0,0,0,0,0,0,0,0,0,0,0,0,0,0,0,0,0,http://amparoillescas.com
0,0,0,0,1,5,0,0,0,0,0,8,0,1.0,8,0,0.0,1.0,1,0,1,1,0,0,0,0,0,0,0,152,679,1,45,1,0,20,5,1,4,2,0,0,0,0,0,0,0,0,4,1,4,0,1,6,0,0,0,1,0,0,0,1,0,https://rrgoldsilchar.com
0,0,0,0,1,6,0,0,0,0,0,1,0,0.0,1,0,0.0,1.0,0,0,0,0,0,0,0,0,0,0,0,62,94,1,18,0,1,5,1,1,3,2,0,0,0,0,0,0,0,0,0,0,1,1,0,0,0,0,0,0,0,0,0,0,0,https://rudys-roofing-inc.com
0,0,0,0,1,5,0,0,0,0,0,8,0,1.0,8,0,0.0,1.0,1,0,1,1,0,0,0,0,0,0,0,152,679,1,45,1,0,20,5,1,4,2,0,0,0,0,0,0,0,0,4,1,4,0,1,6,0,0,0,1,0,0,0,1,0,https://advertisingmediaunlimited.com
1,1,0,0,1,6,0,0,0,0,0,7,2,0.42857142857142855,3,4,0.5714285714285714,0.42857142857142855,0,0,1,1,0,0,0,0,0,0,0,1019,707,1,22,0,0,82,16,13,17,1,3,0,0,1,0,0,0,0,0,0,5,2,1,0,0,0,0,1,0,3,0,1,0,http://sommaschool.com
1,1,0,0,1,6,0,0,0,0,0,6,1,0.5,3,3,0.5,0.5,0,0,1,1,0,0,0,0,0,0,0,1012,750,1,27,0,0,80,16,13,17,1,3,0,0,1,0,0,0,0,0,0,5,2,1,0,0,0,0,1,0,3,0,1,0,http://heathbarkerbooks.com
0,0,0,0,1,6,0,0,0,0,0,1,0,0.0,1,0,0.0,1.0,0,0,0,0,0,0,0,0,0,0,0,62,87,1,18,0,1,5,1,1,3,2,0,0,0,0,0,0,0,0,0,0,1,1,0,0,0,0,0,0,0,0,0,0,0,https://mymodafoca.com
0,0,0,0,1,2,0,0,0,0,0,5,0,1.0,5,0,0.0,1.0,0,0,1,2,0,0,0,0,0,0,0,172,786,1,17,0,0,8,1,0,2,0,0,0,0,0,0,0,0,0,0,0,5,1,3,0,0,0,0,0,0,5,0,0,0,https://affectedsnowball.com
0,0,0,0,1,6,0,0,0,0,0,1,0,0.0,1,0,0.0,1.0,0,0,0,0,0,0,0,0,0,0,0,62,87,1,18,0,1,5,1,1,3,2,0,0,0,0,0,0,0,0,0,0,1,1,0,0,0,0,0,0,0,0,0,0,0,https://aimeemagee.com
0,0,0,0,1,6,0,0,0,0,0,1,0,0.0,1,0,0.0,1.0,0,0,0,0,0,0,0,0,0,0,0,62,86,1,15,0,1,5,1,1,3,2,0,0,0,0,0,0,0,0,0,0,1,1,0,0,0,0,0,0,0,0,0,0,0,https://oliveiragoulart.com
0,0,0,0,1,1,0,0,0,0,0,0,0,0.0,0,0,0.0,0.0,0,0,1,1,0,0,0,0,0,0,0,9,0,0,0,0,0,0,0,0,0,0,0,0,0,0,0,0,0,0,0,0,0,0,0,0,0,0,0,0,0,0,0,0,0,https://recipesby.com
0,0,0,0,1,15,0,0,0,0,0,0,0,0.0,0,0,0.0,0.0,0,0,0,0,0,0,0,0,1,0,0,324,34,1,35,1,0,9,0,5,14,0,0,0,0,0,0,0,0,0,0,0,1,0,0,10,0,0,0,0,0,0,0,0,0,https://bizitech.store
0,0,0,0,1,23,0,0,0,0,0,0,0,0.0,0,0,0.0,0.0,0,0,0,0,0,0,0,0,1,0,0,118,18139,1,63,1,2,2,0,0,20,0,0,0,0,0,0,0,0,0,0,0,0,0,0,0,0,0,0,0,0,0,0,0,0,https://bookedupbymollie.com
0,0,0,0,1,2,0,0,0,1,0,5,1,0.6,3,2,0.4,0.6,0,0,0,0,0,0,0,0,1,0,0,385,843,1,20,0,0,63,13,0,3,28,6,0,0,0,0,0,0,0,16,3,12,1,0,0,0,0,0,0,0,0,0,2,0,https://kyiosk.com
0,0,0,0,0,0,0,0,0,0,0,8,0,0.125,4,4,0.5,0.5,0,4,1,4,0,0,0,0,1,0,0,137,397,1,27,1,0,16,10,0,5,2,0,0,0,0,0,0,0,0,0,0,11,1,0,0,0,0,0,0,0,0,0,0,0,https://forestwideshipping.com
0,0,0,0,1,5,0,0,0,0,0,8,0,1.0,8,0,0.0,1.0,1,0,1,1,0,0,0,0,0,0,0,152,679,1,45,1,0,20,5,1,4,2,0,0,0,0,0,0,0,0,4,1,4,0,1,6,0,0,0,1,0,0,0,1,0,https://churchtap.net
0,0,0,0,1,5,0,0,0,0,0,8,0,1.0,8,0,0.0,1.0,1,0,1,1,0,0,0,0,0,0,0,152,679,1,45,1,0,20,5,1,4,2,0,0,0,0,0,0,0,0,4,1,4,0,1,6,0,0,0,1,0,0,0,1,0,https://dcvero.com
0,0,0,0,1,5,0,0,0,0,0,8,0,1.0,8,0,0.0,1.0,1,0,1,1,0,0,0,0,0,0,0,152,679,1,45,1,0,20,5,1,4,2,0,0,0,0,0,0,0,0,4,1,4,0,1,6,0,0,0,1,0,0,0,1,0,https://sazonpuertorico.com
1,1,0,0,1,6,0,0,0,0,0,6,1,0.5,3,3,0.5,0.5,0,0,1,1,0,0,0,0,0,0,0,1012,770,1,29,0,0,80,16,13,17,1,3,0,0,1,0,0,0,0,0,0,5,2,1,0,0,0,0,1,0,3,0,1,0,http://thefieldcounseling.com
0,0,0,0,1,6,0,0,0,0,0,1,0,0.0,1,0,0.0,1.0,0,0,0,0,0,0,0,0,0,0,0,62,87,1,18,0,1,5,1,1,3,2,0,0,0,0,0,0,0,0,0,0,1,1,0,0,0,0,0,0,0,0,0,0,0,https://bophouseuk.com
0,0,0,0,1,6,0,0,0,0,0,1,0,0.0,1,0,0.0,1.0,0,0,0,0,0,0,0,0,0,0,0,62,98,1,18,0,1,5,1,1,3,2,0,0,0,0,0,0,0,0,0,0,1,1,0,0,0,0,0,0,0,0,0,0,0,https://charlieandjamesshoppe.com
0,0,0,0,1,2,0,0,0,1,0,5,1,0.6,3,2,0.4,0.6,0,0,0,0,0,0,0,0,1,0,0,385,843,1,20,0,0,63,13,0,3,28,6,0,0,0,0,0,0,0,16,3,12,1,0,0,0,0,0,0,0,0,0,2,0,https://swargg.com
0,0,0,0,1,2,0,0,0,0,0,22,0,0.9545454545454546,22,0,0.0,1.0,0,1,1,1,0,0,0,0,1,0,0,304,2593,1,85,1,7,27,0,0,9,16,0,0,0,0,0,0,0,0,0,0,11,0,0,0,0,0,0,0,0,4,0,0,0,https://expertislogconsulting.com
0,0,0,0,1,2,0,0,0,1,0,5,1,0.6,3,2,0.4,0.6,0,0,0,0,0,0,0,0,1,0,0,385,841,1,20,0,0,63,13,0,3,28,6,0,0,0,0,0,0,0,16,3,12,1,0,0,0,0,0,0,0,0,0,2,0,https://bazll.com
0,0,0,0,1,1,0,0,0,0,0,4,0,1.0,4,0,0.0,1.0,0,0,0,0,0,0,0,0,1,0,1,86,405,1,49,0,0,10,3,1,2,1,0,0,0,0,0,0,0,0,0,0,4,4,0,0,0,0,0,0,0,0,0,0,0,https://kryptoshift.world
0,0,0,0,1,6,0,0,0,0,0,1,0,0.0,1,0,0.0,1.0,0,0,0,0,0,0,0,0,0,0,0,62,89,1,18,0,1,5,1,1,3,2,0,0,0,0,0,0,0,0,0,0,1,1,0,0,0,0,0,0,0,0,0,0,0,https://fakegrenades.org
0,0,0,0,1,6,0,0,0,0,0,1,0,0.0,1,0,0.0,1.0,0,0,0,0,0,0,0,0,0,0,0,62,88,1,18,0,1,5,1,1,3,2,0,0,0,0,0,0,0,0,0,0,1,1,0,0,0,0,0,0,0,0,0,0,0,https://themodafoca.com
0,0,0,0,1,2,0,0,0,1,0,5,1,0.6,3,2,0.4,0.6,0,0,0,0,0,0,0,0,1,0,0,385,843,1,20,0,0,63,13,0,3,28,6,0,0,0,0,0,0,0,16,3,12,1,0,0,0,0,0,0,0,0,0,2,0,https://mxpics.com
0,0,0,0,1,6,0,0,0,0,0,1,0,0.0,1,0,0.0,1.0,0,0,0,0,0,0,0,0,0,0,0,62,91,1,18,0,1,5,1,1,3,2,0,0,0,0,0,0,0,0,0,0,1,1,0,0,0,0,0,0,0,0,0,0,0,https://showready.services
0,0,0,0,1,6,0,0,0,0,0,1,0,0.0,1,0,0.0,1.0,0,0,0,0,0,0,0,0,0,0,0,62,88,1,18,0,1,5,1,1,3,2,0,0,0,0,0,0,0,0,0,0,1,1,0,0,0,0,0,0,0,0,0,0,0,https://toadlyponds.com
1,1,0,0,1,6,0,0,0,0,0,5,2,0.2,1,4,0.8,0.2,0,0,1,1,0,0,0,0,0,0,0,986,508,1,18,0,0,74,17,12,17,0,1,0,0,2,0,0,0,0,0,0,4,2,1,0,0,0,0,3,0,3,0,1,0,http://gabipet.store
1,1,0,0,1,6,0,0,0,0,0,7,2,0.42857142857142855,3,4,0.5714285714285714,0.42857142857142855,0,0,1,1,0,0,0,0,0,0,0,1025,804,1,23,0,0,81,16,13,17,1,3,0,0,1,0,0,0,0,0,0,5,2,1,0,0,0,0,1,0,3,0,1,0,http://karolinfrick.com
0,0,0,0,1,11,0,0,0,0,0,5,0,1.0,5,0,0.0,1.0,0,0,0,0,0,0,0,0,0,0,0,345,183,1,32,0,1,19,4,16,4,0,0,0,0,0,0,0,0,0,4,1,4,0,0,1,0,0,0,2,0,0,0,4,0,https://nextbridgeconsultants.com
0,0,0,0,1,5,0,0,0,0,0,13,8,0.38461538461538464,5,8,0.6153846153846154,0.38461538461538464,0,0,0,0,0,0,0,0,0,0,0,372,248,1,23,0,1,25,8,23,4,0,0,0,0,0,0,0,0,0,9,3,4,1,2,0,0,0,0,3,0,0,0,2,0,https://purdentixnow.com
0,0,1,1,1,1,0,0,0,0,0,5,4,0.2,1,4,0.8,0.2,0,0,0,0,0,0,0,0,0,0,0,1553,8661,1,35,0,20,289,0,1,2,1,0,0,0,0,0,0,0,0,0,0,0,4,12,0,0,0,0,1,0,0,0,0,0,https://aiagents-rene.com
1,1,0,0,1,6,0,0,0,0,0,6,1,0.5,3,3,0.5,0.5,0,0,1,1,0,0,0,0,0,0,0,1012,780,1,30,0,0,80,16,13,17,1,3,0,0,1,0,0,0,0,0,0,5,2,1,0,0,0,0,1,0,3,0,1,0,http://whiterhinomarketing.com
1,1,0,0,1,6,0,0,0,0,0,7,2,0.42857142857142855,3,4,0.5714285714285714,0.42857142857142855,0,0,1,1,0,0,0,0,0,0,0,1015,727,1,24,0,0,80,16,13,17,1,3,0,0,1,0,0,0,0,0,0,5,2,1,0,0,0,0,1,0,3,0,1,0,https://richrockstore.com
0,0,0,0,1,5,0,0,0,0,0,8,0,1.0,8,0,0.0,1.0,1,0,1,1,0,0,0,0,0,0,0,152,679,1,45,1,0,20,5,1,4,2,0,0,0,0,0,0,0,0,4,1,4,0,1,6,0,0,0,1,0,0,0,1,0,https://gadget-worlds.com
1,1,0,0,1,6,0,0,0,0,0,6,1,0.5,3,3,0.5,0.5,0,0,1,1,0,0,0,0,0,0,0,1012,690,1,21,0,0,80,16,13,17,1,3,0,0,1,0,0,0,0,0,0,5,2,1,0,0,0,0,1,0,3,0,1,0,https://a2hstudios.com
0,0,0,0,1,1,0,0,0,0,0,0,0,0.0,0,0,0.0,0.0,0,0,1,1,0,0,0,0,0,0,0,9,0,0,0,0,0,0,0,0,0,0,0,0,0,0,0,0,0,0,0,0,0,0,0,0,0,0,0,0,0,0,0,0,0,https://peptides4pups.com
0,0,0,0,1,4,0,0,0,0,0,14,8,0.07142857142857142,6,8,0.5714285714285714,0.42857142857142855,0,0,0,0,0,0,0,0,0,0,0,377,242,1,19,0,0,25,8,23,4,0,0,0,0,0,0,0,0,0,10,5,4,1,2,0,0,0,0,3,0,0,0,2,0,http://readytogoonyourjourney.com
1,1,0,0,1,6,0,0,0,0,0,6,1,0.5,3,3,0.5,0.5,0,0,1,1,0,0,0,0,0,0,0,1008,868,1,14,0,0,78,16,14,17,0,3,0,0,0,0,0,0,0,0,0,5,2,1,0,0,0,0,1,0,3,0,1,0,https://ace-avl.com
1,1,0,0,1,6,0,0,0,0,0,7,2,0.42857142857142855,3,4,0.5714285714285714,0.42857142857142855,0,0,1,1,0,0,0,0,0,0,0,1015,777,1,29,0,0,80,16,13,17,1,3,0,0,1,0,0,0,0,0,0,5,2,1,0,0,0,0,1,0,3,0,1,0,https://arvprivatesecurity.com
1,1,0,0,1,6,0,0,0,0,0,6,1,0.5,3,3,0.5,0.5,0,0,1,1,0,0,0,0,0,0,0,1016,690,1,21,0,0,82,16,13,17,1,3,0,0,1,0,0,0,0,0,0,5,2,1,0,0,0,0,1,0,3,0,1,0,https://rivo-group.com
0,0,0,0,1,5,0,0,0,0,0,8,0,1.0,8,0,0.0,1.0,1,0,1,1,0,0,0,0,0,0,0,152,679,1,45,1,0,20,5,1,4,2,0,0,0,0,0,0,0,0,4,1,4,0,1,6,0,0,0,1,0,0,0,1,0,https://sy-sale.com
1,2,0,0,1,22,1,1,0,1,5,6,0,0.16666666666666666,2,4,0.6666666666666666,0.3333333333333333,0,0,1,4,0,0,0,0,0,0,0,789,328,1,37,1,0,18,8,5,14,0,2,0,0,0,0,0,0,0,3,2,1,1,2,0,0,0,0,0,0,1,0,3,0,https://aquamastermarineservicesllc.com
0,0,0,0,1,5,0,0,0,0,0,8,0,1.0,8,0,0.0,1.0,1,0,1,1,0,0,0,0,0,0,0,152,679,1,45,1,0,20,5,1,4,2,0,0,0,0,0,0,0,0,4,1,4,0,1,6,0,0,0,1,0,0,0,1,0,https://waterconst.com
1,1,0,0,1,6,0,0,0,0,0,6,1,0.5,3,3,0.5,0.5,0,0,1,1,0,0,0,0,0,0,0,1016,680,1,20,0,0,82,16,13,17,1,3,0,0,1,0,0,0,0,0,0,5,2,1,0,0,0,0,1,0,3,0,1,0,https://lacasalau.com
0,0,0,0,1,5,0,0,0,0,0,8,0,1.0,8,0,0.0,1.0,1,0,1,1,0,0,0,0,0,0,0,152,679,1,45,1,0,20,5,1,4,2,0,0,0,0,0,0,0,0,4,1,4,0,1,6,0,0,0,1,0,0,0,1,0,https://adi-graphics.com
1,1,0,0,1,6,0,0,0,0,0,6,1,0.5,3,3,0.5,0.5,0,0,1,1,0,0,0,0,0,0,0,1012,720,1,24,0,0,80,16,13,17,1,3,0,0,1,0,0,0,0,0,0,5,2,1,0,0,0,0,1,0,3,0,1,0,https://thefamilystew.com
1,1,0,0,1,6,0,0,0,0,0,6,1,0.5,3,3,0.5,0.5,0,0,1,1,0,0,0,0,0,0,0,1012,780,1,30,0,0,80,16,13,17,1,3,0,0,1,0,0,0,0,0,0,5,2,1,0,0,0,0,1,0,3,0,1,0,https://asktoyoursupervisor.com
0,0,0,0,1,6,0,0,0,0,0,1,0,0.0,1,0,0.0,1.0,0,0,0,0,0,0,0,0,0,0,0,62,93,1,18,0,1,5,1,1,3,2,0,0,0,0,0,0,0,0,0,0,1,1,0,0,0,0,0,0,0,0,0,0,0,https://seemetruckingcom.com
0,0,0,0,1,6,0,0,0,0,0,1,0,0.0,1,0,0.0,1.0,0,0,0,0,0,0,0,0,0,0,0,62,101,1,18,0,1,5,1,1,3,2,0,0,0,0,0,0,0,0,0,0,1,1,0,0,0,0,0,0,0,0,0,0,0,https://omnipolativetechnologies.com
1,2,0,0,1,27,1,1,0,1,5,8,0,0.125,2,6,0.75,0.25,0,0,1,4,0,0,0,0,0,0,0,867,318,1,22,1,0,18,12,6,17,0,2,0,0,0,0,0,0,0,5,2,1,1,2,0,0,0,0,0,0,1,0,3,0,https://sketchbookhub.store
1,1,0,0,1,6,0,0,0,0,0,6,1,0.5,3,3,0.5,0.5,0,0,1,1,0,0,0,0,0,0,0,1012,760,1,28,0,0,80,16,13,17,1,3,0,0,1,0,0,0,0,0,0,5,2,1,0,0,0,0,1,0,3,0,1,0,https://bloomsthreadmedia.com
0,0,0,0,1,6,0,0,0,0,0,1,0,0.0,1,0,0.0,1.0,0,0,0,0,0,0,0,0,0,0,0,62,87,1,18,0,1,5,1,1,3,2,0,0,0,0,0,0,0,0,0,0,1,1,0,0,0,0,0,0,0,0,0,0,0,https://airitalian.com
1,2,0,0,1,22,1,1,0,1,5,7,0,0.0,0,7,1.0,0.0,0,0,1,4,0,0,0,0,1,0,0,854,283,1,15,1,0,18,10,6,16,1,2,0,0,0,0,0,0,0,4,2,1,0,2,0,0,0,0,0,0,1,0,3,0,https://zoomandwag.store
0,0,0,0,1,7,0,0,0,0,0,26,3,0.038461538461538464,1,25,0.9615384615384616,0.038461538461538464,0,0,1,1,0,0,0,0,0,0,1,1507,1160,1,35,0,0,110,31,15,18,3,0,0,0,0,0,0,0,0,18,4,21,2,2,0,0,0,0,3,0,5,0,0,0,http://marydonas.org
0,0,0,0,1,7,0,0,0,0,0,26,3,0.038461538461538464,1,25,0.9615384615384616,0.038461538461538464,0,0,1,1,0,0,0,0,0,0,1,1507,1160,1,35,0,0,110,31,15,18,3,0,0,0,0,0,0,0,0,18,4,21,2,2,0,0,0,0,3,0,5,0,0,0,http://marydonas.net
0,0,0,0,1,6,0,0,0,0,0,1,0,0.0,1,0,0.0,1.0,0,0,0,0,0,0,0,0,0,0,0,62,94,1,18,0,1,5,1,1,3,2,0,0,0,0,0,0,0,0,0,0,1,1,0,0,0,0,0,0,0,0,0,0,0,https://redcanyonclothing.com
0,0,0,0,0,0,0,0,0,0,0,8,0,0.125,4,4,0.5,0.5,0,4,1,4,0,0,0,0,1,0,0,137,397,1,27,1,0,16,10,0,5,2,0,0,0,0,0,0,0,0,0,0,11,1,0,0,0,0,0,0,0,0,0,0,0,https://monhommedesneiges.com
0,0,0,0,1,5,0,0,0,0,0,8,0,1.0,8,0,0.0,1.0,1,0,1,1,0,0,0,0,0,0,0,152,679,1,45,1,0,20,5,1,4,2,0,0,0,0,0,0,0,0,4,1,4,0,1,6,0,0,0,1,0,0,0,1,0,https://nramos.cloud
0,0,0,0,1,2,0,0,0,1,0,5,1,0.6,3,2,0.4,0.6,0,0,0,0,0,0,0,0,1,0,0,385,843,1,20,0,0,63,13,0,3,28,6,0,0,0,0,0,0,0,16,3,12,1,0,0,0,0,0,0,0,0,0,2,0,https://toxxiq.com
0,0,0,0,1,8,0,0,0,0,0,6,0,0.8333333333333334,5,1,0.16666666666666666,0.8333333333333334,0,0,0,0,0,0,0,0,1,0,0,581,161,1,44,1,4,111,5,2,21,48,0,0,0,0,0,0,0,0,3,1,1,1,0,0,0,0,0,0,0,9,0,0,0,https://ug989.org
0,0,0,0,1,1,0,0,0,0,0,0,0,0.0,0,0,0.0,0.0,0,0,1,1,0,0,0,0,0,0,0,9,0,0,0,0,0,0,0,0,0,0,0,0,0,0,0,0,0,0,0,0,0,0,0,0,0,0,0,0,0,0,0,0,0,http://alliedpetrochemicals.com
0,0,0,0,1,6,0,0,0,0,0,1,0,0.0,1,0,0.0,1.0,0,0,0,0,0,0,0,0,0,0,0,62,96,1,18,0,1,5,1,1,3,2,0,0,0,0,0,0,0,0,0,0,1,1,0,0,0,0,0,0,0,0,0,0,0,https://natetelfordcoaching.com
0,0,0,0,1,5,0,0,0,0,0,8,0,1.0,8,0,0.0,1.0,1,0,1,1,0,0,0,0,0,0,0,152,679,1,45,1,0,20,5,1,4,2,0,0,0,0,0,0,0,0,4,1,4,0,1,6,0,0,0,1,0,0,0,1,0,https://glxtraders.com
1,1,0,0,1,6,0,0,0,0,0,6,1,0.5,3,3,0.5,0.5,0,0,1,1,0,0,0,0,0,0,0,1008,698,1,17,0,0,78,16,14,17,0,3,0,0,0,0,0,0,0,0,0,5,2,1,0,0,0,0,1,0,3,0,1,0,https://ridecincy.com
0,0,0,0,1,5,0,0,0,0,0,13,8,0.38461538461538464,5,8,0.6153846153846154,0.38461538461538464,0,0,0,0,0,0,0,0,0,0,0,372,263,1,28,0,1,25,8,23,4,0,0,0,0,0,0,0,0,0,9,3,4,1,2,0,0,0,0,3,0,0,0,2,0,https://leethompsonagency.com
1,1,0,0,1,6,0,0,0,0,0,6,1,0.5,3,3,0.5,0.5,0,0,1,1,0,0,0,0,0,0,0,1012,670,1,19,0,0,80,16,13,17,1,3,0,0,1,0,0,0,0,0,0,5,2,1,0,0,0,0,1,0,3,0,1,0,https://cardarro.com
0,0,0,0,1,12,0,0,0,0,0,0,0,0.0,0,0,0.0,0.0,0,0,0,0,0,0,0,0,1,0,0,80,85,0,0,0,4,2,0,1,7,0,0,0,0,0,0,0,0,0,0,0,1,1,0,0,0,0,0,0,0,0,0,0,0,https://neuromax.health
0,0,0,0,1,1,0,0,0,0,0,0,0,0.0,0,0,0.0,0.0,0,0,1,1,0,0,0,0,0,0,0,9,0,0,0,0,0,0,0,0,0,0,0,0,0,0,0,0,0,0,0,0,0,0,0,0,0,0,0,0,0,0,0,0,0,https://gethighnote.com
1,1,0,0,1,6,0,0,0,0,0,6,1,0.5,3,3,0.5,0.5,0,0,1,1,0,0,0,0,0,0,0,1008,926,1,23,0,0,78,16,14,17,0,3,0,0,0,0,0,0,0,0,0,5,2,1,0,0,0,0,1,0,3,0,1,0,https://dgprojx.com
1,1,1,1,1,24,0,0,0,0,0,62,0,0.9354838709677419,58,4,0.06451612903225806,0.9354838709677419,0,0,0,0,0,0,0,0,1,0,0,792,1116,1,68,1,4,35,1,0,11,2,0,0,0,0,0,0,0,0,62,8,0,1,0,1,0,0,0,1,0,1,0,8,0,https://ralphyspizzarestaurantnj.com
1,2,0,0,1,28,1,1,0,1,5,2,0,0.0,0,2,1.0,0.0,0,0,1,4,0,0,0,0,0,0,0,860,320,1,36,1,1,17,2,2,14,0,2,0,0,0,0,0,0,0,1,1,1,0,1,0,0,0,0,0,0,0,0,2,0,https://shavoxshop.com
1,2,0,0,1,45,1,1,0,1,4,2,0,0.0,0,2,1.0,0.0,0,0,1,4,0,0,0,0,0,0,0,1609,245,1,18,0,0,15,1,2,14,0,2,0,0,0,0,0,0,0,1,1,3,1,0,0,0,0,0,0,0,0,0,4,0,https://gymwrldfit.com
1,2,0,0,1,22,1,1,0,1,5,4,0,0.0,0,4,1.0,0.0,0,0,1,4,0,0,0,0,0,0,0,759,275,1,18,1,0,18,4,6,16,0,2,0,0,0,0,0,0,0,1,2,1,1,2,0,0,0,0,0,0,1,0,3,0,https://intimalmen-official.com
0,0,0,0,1,1,0,0,0,0,0,0,0,0.0,0,0,0.0,0.0,0,0,1,1,0,0,0,0,0,0,0,9,0,0,0,0,0,0,0,0,0,0,0,0,0,0,0,0,0,0,0,0,0,0,0,0,0,0,0,0,0,0,0,0,0,https://fpiq.org
1,2,0,0,1,46,1,1,0,1,4,2,0,0.0,0,2,1.0,0.0,0,0,1,4,0,0,0,0,0,0,0,1638,301,1,22,0,0,15,1,3,16,0,2,0,0,0,0,0,0,0,1,1,3,1,0,0,0,0,0,0,0,0,0,4,0,https://kimmboutique.com
1,1,0,0,1,6,0,0,0,0,0,6,1,0.5,3,3,0.5,0.5,0,0,1,1,0,0,0,0,0,0,0,1008,710,1,23,0,0,78,16,14,17,0,3,0,0,0,0,0,0,0,0,0,5,2,1,0,0,0,0,1,0,3,0,1,0,https://forgeonmedia.com
0,0,0,0,1,5,0,0,0,0,0,8,0,1.0,8,0,0.0,1.0,1,0,1,1,0,0,0,0,0,0,0,152,679,1,45,1,0,20,5,1,4,2,0,0,0,0,0,0,0,0,4,1,4,0,1,6,0,0,0,1,0,0,0,1,0,https://redskies80s.com
1,2,0,0,1,5,0,0,0,0,2,66,14,0.0,0,66,1.0,0.0,7,22,1,7,0,0,0,0,1,0,0,1654,8628,1,76,1,1,184,148,0,19,1,3,0,0,0,1,0,3,6,39,8,2,0,0,0,0,0,0,1,0,12,0,21,0,https://auguryresearch.com
0,0,0,0,1,3,0,0,0,0,0,2,0,1.0,2,0,0.0,1.0,0,0,0,0,0,0,0,0,0,0,0,100,118,1,26,1,7,5,0,1,14,1,0,0,0,0,0,0,0,0,0,0,2,1,0,0,0,0,0,0,0,0,0,0,0,https://infoeddietruelove.com
0,0,0,0,1,6,0,0,0,0,0,1,0,0.0,1,0,0.0,1.0,0,0,0,0,0,0,0,0,0,0,0,62,103,1,18,0,1,5,1,1,3,2,0,0,0,0,0,0,0,0,0,0,1,1,0,0,0,0,0,0,0,0,0,0,0,https://vampbuildingmaintenancecom.com
1,1,0,0,1,13,0,0,0,1,2,16,0,1.0,16,0,0.0,1.0,0,0,0,0,0,0,0,0,0,0,0,553,933,1,20,0,1,50,13,19,4,5,1,0,0,0,0,0,0,0,12,3,9,1,3,1,0,0,0,2,5,0,0,5,0,https://mycontributions.org
1,1,0,0,1,6,0,0,0,0,0,6,1,0.5,3,3,0.5,0.5,0,0,1,1,0,0,0,0,0,0,0,1012,680,1,20,0,0,80,16,13,17,1,3,0,0,1,0,0,0,0,0,0,5,2,1,0,0,0,0,1,0,3,0,1,0,https://medaleads.com
1,1,0,0,1,6,0,0,0,0,0,6,1,0.5,3,3,0.5,0.5,0,0,1,1,0,0,0,0,0,0,0,1008,888,1,24,0,0,78,16,14,17,0,3,0,0,0,0,0,0,0,0,0,5,2,1,0,0,0,0,1,0,3,0,1,0,https://pahoehoecrust.com
1,1,0,0,1,6,0,0,0,0,0,6,1,0.5,3,3,0.5,0.5,0,0,1,1,0,0,0,0,0,0,0,1016,720,1,24,0,0,82,16,13,17,1,3,0,0,1,0,0,0,0,0,0,5,2,1,0,0,0,0,1,0,3,0,1,0,https://trunorthlodge.com
0,0,0,0,1,6,0,0,0,0,0,1,0,0.0,1,0,0.0,1.0,0,0,0,0,0,0,0,0,0,0,0,62,96,1,18,0,1,5,1,1,3,2,0,0,0,0,0,0,0,0,0,0,1,1,0,0,0,0,0,0,0,0,0,0,0,https://thecirclenetworkcom.org
0,0,0,0,1,5,0,0,0,0,0,8,0,1.0,8,0,0.0,1.0,1,0,1,1,0,0,0,0,0,0,0,152,679,1,45,1,0,20,5,1,4,2,0,0,0,0,0,0,0,0,4,1,4,0,1,6,0,0,0,1,0,0,0,1,0,https://wellnesslabpro.com
0,0,0,0,1,6,0,0,0,0,0,1,0,0.0,1,0,0.0,1.0,0,0,0,0,0,0,0,0,0,0,0,62,88,1,15,0,1,5,1,1,3,2,0,0,0,0,0,0,0,0,0,0,1,1,0,0,0,0,0,0,0,0,0,0,0,https://atendimentoaymore.com
1,1,0,0,1,6,0,0,0,0,0,6,1,0.5,3,3,0.5,0.5,0,0,1,1,0,0,0,0,0,0,0,1016,700,1,22,0,0,82,16,13,17,1,3,0,0,1,0,0,0,0,0,0,5,2,1,0,0,0,0,1,0,3,0,1,0,https://worldleader.app
0,0,0,0,0,0,0,0,0,0,0,0,0,0.0,0,0,0.0,0.0,0,0,0,0,0,0,0,0,0,0,0,13,0,1,1,0,0,0,0,0,6,0,0,0,0,0,0,0,0,0,0,0,0,0,0,0,0,0,0,0,0,0,0,0,0,https://tgbjm.space
0,0,0,0,1,2,0,0,0,0,0,0,0,0.0,0,0,0.0,0.0,0,0,0,0,0,0,0,0,0,0,0,25,55,1,62,1,1,1,0,0,3,0,0,0,0,0,0,0,0,0,0,0,0,0,0,0,0,0,0,0,0,0,0,0,0,https://schoolneurofeedback.com
1,2,0,0,1,31,0,0,1,1,5,34,9,0.5588235294117647,23,11,0.3235294117647059,0.6764705882352942,2,1,1,3,0,0,0,0,1,0,0,1624,958,1,72,1,26,56,18,10,25,5,4,0,0,0,0,0,0,0,26,7,4,1,3,0,0,0,0,2,0,0,0,2,0,https://carolwambuiword.com
0,0,0,0,1,3,0,0,0,0,0,2,0,1.0,2,0,0.0,1.0,0,0,0,0,0,0,0,0,0,0,0,100,118,1,26,1,7,5,0,1,14,1,0,0,0,0,0,0,0,0,0,0,2,1,0,0,0,0,0,0,0,0,0,0,0,https://classicsalesdesk.com
0,0,0,0,1,9,0,0,0,0,0,0,0,0.0,0,0,0.0,0.0,0,0,0,0,0,0,0,0,0,0,1,392,265,1,11,0,0,30,14,1,6,5,0,0,0,0,0,0,0,0,0,0,0,0,0,32,0,0,0,0,0,0,0,0,0,https://shopskyblue.com
1,2,0,0,1,5,0,0,0,0,2,66,14,0.0,0,66,1.0,0.0,7,22,1,7,0,0,0,0,1,0,0,1636,8233,1,69,1,1,180,145,0,19,0,3,0,0,0,1,0,3,6,39,8,2,0,0,0,0,0,0,1,0,12,0,21,0,https://fallenn.com
1,2,0,0,1,5,0,0,0,0,2,66,14,0.0,0,66,1.0,0.0,7,22,1,7,0,0,0,0,1,0,0,1636,8243,1,72,1,1,180,145,0,19,0,3,0,0,0,1,0,3,6,39,8,2,0,0,0,0,0,0,1,0,12,0,21,0,https://behumorous.com
0,0,0,0,1,5,0,0,0,0,0,24,0,0.625,18,6,0.25,0.75,3,0,1,1,0,0,0,0,1,0,0,925,717,1,22,0,477,81,15,3,12,20,0,0,0,0,0,0,0,0,2,4,12,0,0,0,0,0,0,2,0,3,0,1,0,https://uscisapplicationcenter.cloud
0,0,0,0,1,1,0,0,0,0,0,0,0,0.0,0,0,0.0,0.0,0,0,1,1,0,0,0,0,0,0,0,9,0,0,0,0,0,0,0,0,0,0,0,0,0,0,0,0,0,0,0,0,0,0,0,0,0,0,0,0,0,0,0,0,0,https://aldeacayaco.com
1,1,0,0,1,6,0,0,0,0,0,6,1,0.5,3,3,0.5,0.5,0,0,1,1,0,0,0,0,0,0,0,1016,800,1,32,0,0,82,16,13,17,1,3,0,0,1,0,0,0,0,0,0,5,2,1,0,0,0,0,1,0,3,0,1,0,https://ballingertreeservices.com
0,0,0,0,1,6,0,0,0,0,0,4,1,0.25,1,3,0.75,0.25,0,0,1,1,0,0,0,0,0,0,0,951,728,1,34,0,0,63,16,13,17,1,0,0,0,1,0,0,0,0,0,0,3,2,1,0,0,0,0,1,0,3,0,0,0,https://solucionesmigratoriassm.com
1,2,0,0,1,5,0,0,0,0,2,64,14,0.0,0,64,1.0,0.0,7,21,1,7,0,0,0,0,1,0,0,1657,8204,1,66,1,1,183,150,0,19,1,3,0,0,0,1,0,3,6,41,8,2,0,0,0,0,0,0,1,0,12,0,21,0,https://kmddirect.com
1,1,0,0,1,6,0,0,0,0,0,6,1,0.5,3,3,0.5,0.5,0,0,1,1,0,0,0,0,0,0,0,1012,690,1,21,0,0,80,16,13,17,1,3,0,0,1,0,0,0,0,0,0,5,2,1,0,0,0,0,1,0,3,0,1,0,https://gsmarttool.com
0,0,0,0,1,5,0,0,0,0,0,8,0,1.0,8,0,0.0,1.0,1,0,1,1,0,0,0,0,0,0,0,152,679,1,45,1,0,20,5,1,4,2,0,0,0,0,0,0,0,0,4,1,4,0,1,6,0,0,0,1,0,0,0,1,0,https://shopversetoday.com
0,0,0,0,1,6,0,0,0,0,0,4,1,0.25,1,3,0.75,0.25,0,0,1,1,0,0,0,0,0,0,0,951,626,1,22,0,0,63,16,13,17,1,0,0,0,1,0,0,0,0,0,0,3,2,1,0,0,0,0,1,0,3,0,0,0,https://hermangutan.com
1,3,1,1,1,16,0,0,0,0,4,58,5,0.8275862068965517,48,10,0.1724137931034483,0.8275862068965517,2,14,1,1,0,1,1,0,0,0,0,1962,5707,1,48,1,43,224,34,1,10,22,10,0,0,0,0,0,0,0,26,7,38,1,6,2,0,0,0,1,0,10,0,7,0,http://apilike.com
1,6,1,1,1,36,0,0,0,1,19,32,9,0.15625,7,25,0.78125,0.21875,0,0,1,4,0,0,0,0,0,0,0,1888,1492,1,17,0,4,123,73,10,17,7,2,0,0,0,0,0,0,0,23,11,2,1,10,0,0,0,0,2,0,3,0,17,0,https://againdrop.com
0,0,0,0,1,1,0,0,0,0,0,0,0,0.0,0,0,0.0,0.0,0,0,1,1,0,0,0,0,0,0,0,9,0,0,0,0,0,0,0,0,0,0,0,0,0,0,0,0,0,0,0,0,0,0,0,0,0,0,0,0,0,0,0,0,0,http://parisbanhmilincoln.com
1,2,0,0,1,5,0,0,0,0,2,66,14,0.0,0,66,1.0,0.0,7,22,1,7,0,0,0,0,1,0,0,1620,8259,1,74,1,1,180,141,0,19,0,3,0,0,0,1,0,3,6,37,8,2,0,0,0,0,0,0,1,0,12,0,21,0,http://nextlevel.coffee
1,2,0,0,1,14,1,2,0,0,2,67,0,0.13432835820895522,9,58,0.8656716417910447,0.13432835820895522,3,6,1,6,0,0,0,0,1,0,0,1573,2129,1,64,1,14,163,199,1,32,59,0,0,0,0,0,0,0,0,69,18,1,1,0,0,0,0,0,2,0,0,0,17,0,https://4dewislot.org
1,2,0,0,1,21,1,1,0,1,5,4,0,0.0,0,4,1.0,0.0,0,0,1,4,0,0,0,0,0,0,0,729,271,1,16,1,0,18,4,5,14,0,2,0,0,0,0,0,0,0,1,2,1,1,2,0,0,0,0,0,0,1,0,3,0,https://myfurbuds.com
0,0,0,0,1,24,0,0,0,0,0,23,0,0.30434782608695654,7,16,0.6956521739130435,0.30434782608695654,0,0,0,0,0,0,0,0,1,0,0,1057,487,1,34,1,18,110,6,4,14,2,0,0,0,0,0,0,0,0,0,0,5,2,0,1,0,1,0,3,1,4,0,2,0,https://watchgoldengirl.com
1,2,1,1,1,13,1,2,0,0,2,70,0,0.18571428571428572,13,57,0.8142857142857143,0.18571428571428572,3,9,1,9,0,0,0,0,1,0,0,1679,5165,1,67,1,14,168,196,1,38,64,0,0,0,0,0,0,0,0,72,19,11,1,0,4,0,0,0,2,0,0,0,22,0,https://3atg88.org
0,0,0,0,1,8,0,0,0,0,0,3,0,1.0,3,0,0.0,1.0,1,0,1,3,0,0,0,0,1,0,0,449,135,1,17,1,4,9,2,6,17,0,0,0,0,0,0,0,0,0,0,0,3,0,0,0,0,0,0,0,0,0,0,0,0,https://atalalawpllc.com
0,0,0,0,1,6,0,0,0,0,0,0,0,0.0,0,0,0.0,0.0,0,0,0,0,0,0,0,0,1,0,0,70,14,1,21,0,0,4,0,2,12,1,0,0,0,0,0,0,0,0,0,0,0,0,0,0,0,0,0,0,0,0,0,0,0,https://mnmhome.loan
1,1,0,0,1,2,0,0,0,0,0,77,2,0.948051948051948,73,4,0.05194805194805195,0.948051948051948,2,1,0,0,0,0,0,0,1,0,0,2197,24243,1,91,1,10,127,142,18,21,15,2,2,0,0,0,0,0,0,32,11,102,1,9,3,5,1,0,2,0,0,0,2,0,https://chflashnews.com
0,0,0,0,1,8,0,0,0,0,0,3,0,1.0,3,0,0.0,1.0,1,0,1,3,0,0,0,0,1,0,0,453,135,1,17,1,5,9,2,6,17,0,0,0,0,0,0,0,0,0,0,0,3,0,0,0,0,0,0,0,0,0,0,0,0,https://pressmuseum.org
0,0,0,0,0,0,0,0,0,0,0,0,0,0.0,0,0,0.0,0.0,0,0,0,0,0,0,0,0,0,0,0,16,21,1,19,0,0,0,0,0,2,0,0,0,0,0,0,0,0,0,0,0,1,0,0,0,0,0,0,0,0,0,0,0,0,https://drjackson.dev
1,1,0,0,1,6,0,0,0,0,0,6,1,0.5,3,3,0.5,0.5,0,0,1,1,0,0,0,0,0,0,0,1012,760,1,28,0,0,80,16,13,17,1,3,0,0,1,0,0,0,0,0,0,5,2,1,0,0,0,0,1,0,3,0,1,0,https://moonlashesthetics.com
1,2,0,0,1,5,0,0,0,0,2,66,14,0.0,0,66,1.0,0.0,7,22,1,7,0,0,0,0,1,0,0,1654,8647,1,80,1,1,184,148,0,19,1,3,0,0,0,1,0,3,6,39,8,2,0,0,0,0,0,0,1,0,12,0,21,0,https://ashevillestarsball.com
1,2,0,0,1,39,0,0,0,0,1,22,0,0.09090909090909091,2,20,0.9090909090909091,0.09090909090909091,2,0,1,4,0,0,0,0,0,0,0,1717,907,1,38,1,4,102,47,7,20,5,1,0,0,0,0,0,0,0,24,7,1,1,2,0,0,0,0,2,0,1,0,6,0,https://hustlerholics.store
0,0,0,0,1,6,0,0,0,0,0,1,0,0.0,1,0,0.0,1.0,0,0,0,0,0,0,0,0,0,0,0,62,87,1,18,0,1,5,1,1,3,2,0,0,0,0,0,0,0,0,0,0,1,1,0,0,0,0,0,0,0,0,0,0,0,https://chanaruchy.com
0,0,0,0,1,6,0,0,0,0,0,1,0,0.0,1,0,0.0,1.0,0,0,0,0,0,0,0,0,0,0,0,62,86,1,18,0,1,5,1,1,3,2,0,0,0,0,0,0,0,0,0,0,1,1,0,0,0,0,0,0,0,0,0,0,0,https://eatpicazo.com
0,0,0,0,1,5,0,0,0,0,0,13,8,0.38461538461538464,5,8,0.6153846153846154,0.38461538461538464,0,0,0,0,0,0,0,0,0,0,0,372,260,1,27,0,1,25,8,23,4,0,0,0,0,0,0,0,0,0,9,3,4,1,2,0,0,0,0,3,0,0,0,2,0,https://juridicomontalvo.com
0,0,0,0,1,6,0,0,0,0,0,4,1,0.25,1,3,0.75,0.25,0,0,1,1,0,0,0,0,0,0,0,951,666,1,26,0,0,63,16,13,17,1,0,0,0,1,0,0,0,0,0,0,3,2,1,0,0,0,0,1,0,3,0,0,0,https://urius-seguridad.com
0,0,0,0,1,11,0,0,0,0,0,16,1,0.9375,15,1,0.0625,0.9375,1,0,0,0,0,0,0,0,1,0,0,439,406,1,18,0,2,20,0,24,5,0,0,0,0,0,0,0,0,0,11,5,5,1,1,0,0,0,0,1,0,0,0,4,0,http://plrmembers.com
0,0,0,0,1,4,0,0,0,0,0,0,0,0.0,0,0,0.0,0.0,0,0,0,0,0,0,0,0,0,0,0,22,0,1,1,0,0,0,0,0,2,0,0,0,0,0,0,0,0,0,0,0,0,0,0,0,0,0,0,0,0,0,0,0,0,https://3971.org
0,0,0,0,1,5,0,0,0,0,0,14,8,0.42857142857142855,6,8,0.5714285714285714,0.42857142857142855,0,0,0,0,0,0,0,0,0,0,0,383,342,1,63,0,0,25,8,23,4,0,0,0,0,0,0,0,0,0,10,5,5,1,2,0,0,0,0,3,0,0,0,2,0,https://macbasketballnetwork.com
0,0,0,0,1,5,0,0,0,0,0,8,0,1.0,8,0,0.0,1.0,1,0,1,1,0,0,0,0,0,0,0,152,679,1,45,1,0,20,5,1,4,2,0,0,0,0,0,0,0,0,4,1,4,0,1,6,0,0,0,1,0,0,0,1,0,https://misstheaproducts.com
0,0,0,0,1,6,0,0,0,0,0,4,1,0.25,1,3,0.75,0.25,0,0,1,1,0,0,0,0,0,0,0,951,613,1,23,0,0,63,16,13,17,1,0,0,0,1,0,0,0,0,0,0,3,2,1,0,0,0,0,1,0,3,0,0,0,https://keystonesgps.com
0,0,0,0,1,9,0,0,0,0,0,0,0,0.0,0,0,0.0,0.0,0,0,0,0,0,0,0,0,0,0,1,392,265,1,11,0,0,30,14,1,6,5,0,0,0,0,0,0,0,0,0,0,0,0,0,32,0,0,0,0,0,0,0,0,0,https://shopskyblue.net
0,0,0,0,1,6,0,0,0,0,0,4,1,0.25,1,3,0.75,0.25,0,0,1,1,0,0,0,0,0,0,0,943,691,1,22,0,0,59,16,14,17,0,0,0,0,0,0,0,0,0,0,0,3,2,1,0,0,0,0,1,0,3,0,0,0,https://andreiasampaio.com
1,1,0,0,1,23,0,0,0,1,0,17,1,0.35294117647058826,6,11,0.6470588235294118,0.35294117647058826,0,0,0,0,0,0,0,0,1,0,0,682,2091,1,85,1,0,133,14,1,9,31,9,0,0,0,0,0,0,0,12,8,5,1,5,0,0,0,2,0,0,6,0,3,0,https://100daisyfarmsdrive.com
0,0,0,0,1,5,0,0,0,0,0,0,0,0.0,0,0,0.0,0.0,0,0,0,0,0,0,0,0,1,0,0,35,145,1,35,0,0,1,0,0,3,0,0,0,0,0,0,0,0,0,0,0,0,0,0,0,0,0,0,0,0,0,0,0,0,https://redbaron.click
0,0,0,0,1,4,0,0,0,0,0,0,0,0.0,0,0,0.0,0.0,0,0,0,0,0,0,0,0,0,0,0,22,0,1,1,0,0,0,0,0,2,0,0,0,0,0,0,0,0,0,0,0,0,0,0,0,0,0,0,0,0,0,0,0,0,https://3797.org
0,0,0,0,1,1,0,0,0,0,0,0,0,0.0,0,0,0.0,0.0,0,0,1,1,0,0,0,0,0,0,0,9,0,0,0,0,0,0,0,0,0,0,0,0,0,0,0,0,0,0,0,0,0,0,0,0,0,0,0,0,0,0,0,0,0,http://souss24.net
1,2,0,0,1,45,1,1,0,1,4,2,0,0.0,0,2,1.0,0.0,0,0,1,4,0,0,0,0,0,0,0,1636,247,1,19,0,0,15,1,3,16,0,2,0,0,0,0,0,0,0,1,1,3,1,0,0,0,0,0,0,0,0,0,4,0,https://serneutro.com
1,1,0,0,1,1,0,0,0,0,6,13,1,0.9230769230769231,12,1,0.07692307692307693,0.9230769230769231,0,0,0,0,0,0,0,0,1,0,1,398,1536,1,1,1,0,85,4,3,11,5,1,0,0,0,0,0,0,0,0,0,0,1,3,1,0,0,0,0,0,0,0,1,0,https://akcossi.com
1,1,0,0,1,3,0,0,0,0,0,6,0,1.0,6,0,0.0,1.0,0,0,0,0,0,0,0,0,0,0,0,744,154,1,36,1,0,279,0,6,5,94,0,0,0,0,0,0,0,0,0,0,1,1,0,0,0,0,0,0,0,0,0,1,0,https://cedilha.bar
0,0,0,0,1,2,0,0,0,0,0,0,0,0.0,0,0,0.0,0.0,0,0,0,0,0,0,0,0,1,0,0,48,138,1,28,0,0,4,2,0,2,1,1,0,0,0,0,0,0,0,0,0,2,1,0,0,0,0,0,0,0,0,0,1,0,https://payment-accountresolutionteam.com
0,0,0,0,1,5,0,0,0,0,0,13,8,0.38461538461538464,5,8,0.6153846153846154,0.38461538461538464,0,0,0,0,0,0,0,0,0,0,0,372,224,1,15,0,1,25,8,23,4,0,0,0,0,0,0,0,0,0,9,3,4,1,2,0,0,0,0,3,0,0,0,2,0,https://egefirat.com
0,0,0,0,1,3,0,0,0,0,0,2,0,1.0,2,0,0.0,1.0,0,0,0,0,0,0,0,0,0,0,0,100,118,1,26,1,7,5,0,1,14,1,0,0,0,0,0,0,0,0,0,0,2,1,0,0,0,0,0,0,0,0,0,0,0,https://carriecoxwell.com
1,1,0,0,1,6,0,0,0,0,0,6,1,0.5,3,3,0.5,0.5,0,0,1,1,0,0,0,0,0,0,0,1016,690,1,21,0,0,82,16,13,17,1,3,0,0,1,0,0,0,0,0,0,5,2,1,0,0,0,0,1,0,3,0,1,0,https://steepchill.com
1,2,0,0,1,5,0,0,0,0,2,66,14,0.0,0,66,1.0,0.0,7,22,1,7,0,0,0,0,1,0,0,1636,8279,1,79,1,1,180,145,0,19,0,3,0,0,0,1,0,3,6,39,8,2,0,0,0,0,0,0,1,0,12,0,21,0,https://metrotaximobility.com
1,1,0,0,1,6,0,0,0,0,0,6,1,0.5,3,3,0.5,0.5,0,0,1,1,0,0,0,0,0,0,0,1008,834,1,25,0,0,78,16,14,17,0,3,0,0,0,0,0,0,0,0,0,5,2,1,0,0,0,0,1,0,3,0,1,0,https://mainstationhotel.com
1,1,0,0,1,6,0,0,0,0,0,7,2,0.42857142857142855,3,4,0.5714285714285714,0.42857142857142855,0,0,1,1,0,0,0,0,0,0,0,1025,759,1,20,0,0,81,16,13,17,1,3,0,0,1,0,0,0,0,0,0,5,2,1,0,0,0,0,1,0,3,0,1,0,https://sportpers.com
1,2,0,0,1,15,1,2,0,0,2,70,0,0.18571428571428572,13,57,0.8142857142857143,0.18571428571428572,3,14,1,15,0,0,0,0,1,0,0,1625,6943,1,67,1,6,169,200,1,30,65,0,0,0,0,0,0,0,0,67,18,13,1,0,3,0,0,0,2,0,0,0,23,0,https://5sapu4d.org
1,1,0,0,1,6,0,0,0,0,0,6,1,0.5,3,3,0.5,0.5,0,0,1,1,0,0,0,0,0,0,0,1012,770,1,29,0,0,80,16,13,17,1,3,0,0,1,0,0,0,0,0,0,5,2,1,0,0,0,0,1,0,3,0,1,0,https://thehotboxservebeer.com
0,0,0,0,1,6,0,0,0,0,0,4,1,0.25,1,3,0.75,0.25,0,0,1,1,0,0,0,0,0,0,0,937,529,1,14,0,0,60,16,14,17,0,0,0,0,0,0,0,0,0,0,0,3,2,1,0,0,0,0,1,0,3,0,0,0,https://aiportl.com
0,0,0,0,0,0,0,0,0,0,0,3,0,1.0,3,0,0.0,1.0,0,0,0,0,0,0,0,0,1,0,0,186,246,1,20,1,0,2,0,1,4,0,0,0,0,0,0,0,0,0,0,0,1,1,0,0,0,0,0,1,0,0,0,0,0,https://closer5d.com
0,0,0,0,1,6,0,0,0,0,0,1,0,0.0,1,0,0.0,1.0,0,0,0,0,0,0,0,0,0,0,0,62,94,1,18,0,1,5,1,1,3,2,0,0,0,0,0,0,0,0,0,0,1,1,0,0,0,0,0,0,0,0,0,0,0,https://theprodigygrouptx.com
1,1,0,0,1,6,0,0,0,0,0,6,1,0.5,3,3,0.5,0.5,0,0,1,1,0,0,0,0,0,0,0,1008,868,1,26,0,0,78,16,14,17,0,3,0,0,0,0,0,0,0,0,0,5,2,1,0,0,0,0,1,0,3,0,1,0,https://aspentrailcapital.com
1,3,0,0,1,45,0,0,0,0,1,36,0,0.08333333333333333,3,33,0.9166666666666666,0.08333333333333333,0,2,1,4,0,0,0,0,1,0,0,2723,3972,1,15,0,12,153,55,15,15,9,2,0,0,0,0,0,0,0,33,11,48,1,13,4,0,0,0,2,0,4,0,12,0,https://upatire.store
0,0,0,0,1,5,0,0,0,0,0,8,0,1.0,8,0,0.0,1.0,1,0,1,1,0,0,0,0,0,0,0,152,679,1,45,1,0,20,5,1,4,2,0,0,0,0,0,0,0,0,4,1,4,0,1,6,0,0,0,1,0,0,0,1,0,https://hkma-gov.com
0,0,0,0,1,5,0,0,0,0,0,0,0,0.0,0,0,0.0,0.0,0,0,1,1,0,0,0,0,1,0,0,153,110,1,48,0,52,9,0,3,14,1,0,0,0,0,0,0,0,0,0,0,1,1,0,0,0,0,0,0,0,1,0,0,0,https://lydiatherapeuticmassage.com
1,1,0,0,1,6,0,0,0,0,0,6,1,0.5,3,3,0.5,0.5,0,0,1,1,0,0,0,0,0,0,0,1012,670,1,19,0,0,80,16,13,17,1,3,0,0,1,0,0,0,0,0,0,5,2,1,0,0,0,0,1,0,3,0,1,0,https://jatfarms.com
1,2,0,0,1,5,0,0,0,0,2,66,14,0.0,0,66,1.0,0.0,7,22,1,7,0,0,0,0,1,0,0,1636,8308,1,74,1,1,180,145,0,19,0,3,0,0,0,1,0,3,6,39,8,2,0,0,0,0,0,0,1,0,12,0,21,0,https://microsignage.com
1,2,0,0,1,11,0,0,0,0,0,8,0,0.125,1,7,0.875,0.125,0,0,1,3,0,0,0,0,0,0,0,281,29,1,10,0,8,9,6,1,8,3,0,0,0,0,0,0,0,0,6,2,1,1,1,2,0,0,0,0,0,1,0,2,0,https://gvxi6.gay
1,1,0,0,1,6,0,0,0,0,0,6,1,0.5,3,3,0.5,0.5,0,0,1,1,0,0,0,0,0,0,0,1016,710,1,23,0,0,82,16,13,17,1,3,0,0,1,0,0,0,0,0,0,5,2,1,0,0,0,0,1,0,3,0,1,0,https://eminentlocal.com
1,2,0,0,1,5,0,0,0,0,2,66,14,0.0,0,66,1.0,0.0,7,22,1,7,0,0,0,0,1,0,0,1654,8655,1,76,1,1,184,148,0,19,1,3,0,0,0,1,0,3,6,39,8,2,0,0,0,0,0,0,1,0,12,0,21,0,https://bossreportcard.com
0,0,0,0,1,6,0,0,0,0,0,1,0,0.0,1,0,0.0,1.0,0,0,0,0,0,0,0,0,0,0,0,62,87,1,18,0,1,5,1,1,3,2,0,0,0,0,0,0,0,0,0,0,1,1,0,0,0,0,0,0,0,0,0,0,0,https://kamikumiho.org
1,2,0,0,1,6,0,0,0,0,0,35,3,0.05714285714285714,2,33,0.9428571428571428,0.05714285714285714,0,0,1,1,0,0,0,0,1,0,0,377,1553,1,76,1,0,10,7,4,19,1,0,0,0,0,0,0,0,0,34,6,4,1,1,3,0,0,0,2,2,0,0,2,0,https://course2day.com
1,2,0,0,1,5,0,0,0,0,2,66,14,0.0,0,66,1.0,0.0,7,22,1,7,0,0,0,0,1,0,0,1636,8304,1,74,1,1,180,145,0,19,0,3,0,0,0,1,0,3,6,39,8,2,0,0,0,0,0,0,1,0,12,0,21,0,https://metalislands.com
0,0,0,0,1,1,0,0,0,0,0,12,0,1.0,12,0,0.0,1.0,1,0,0,0,0,0,0,0,0,0,0,767,964,1,66,1,3,23,1,1,16,5,0,0,0,0,0,0,0,0,3,1,9,0,0,0,0,0,0,1,0,0,0,1,0,https://coccinelleexport.com
0,0,0,0,1,12,0,0,0,0,0,16,0,0.0,0,16,1.0,0.0,0,0,0,0,0,0,0,0,1,0,0,424,2612,1,31,1,6,58,4,0,8,7,0,0,0,0,0,0,0,0,20,6,8,0,4,0,0,0,0,1,0,5,0,1,0,https://njpurehome.com
0,0,0,0,1,4,0,0,0,0,0,14,8,0.42857142857142855,6,8,0.5714285714285714,0.42857142857142855,0,0,0,0,0,0,0,0,0,0,0,377,218,1,14,0,0,25,8,23,4,0,0,0,0,0,0,0,0,0,10,5,4,1,2,0,0,0,0,3,0,0,0,2,0,https://ike-steplog.com
1,2,0,0,1,5,0,0,0,0,2,66,14,0.0,0,66,1.0,0.0,7,22,1,7,0,0,0,0,1,0,0,1636,8221,1,67,1,1,180,145,0,19,0,3,0,0,0,1,0,3,6,39,8,2,0,0,0,0,0,0,1,0,12,0,21,0,http://meykj.com
0,0,0,0,1,8,0,0,0,0,0,3,0,0.6666666666666666,2,1,0.3333333333333333,0.6666666666666666,0,1,1,5,1,1,4,0,0,0,0,199,158,1,13,0,5,16,0,0,2,11,0,0,0,0,0,0,0,0,0,0,0,0,0,0,0,0,0,0,0,0,0,0,1,https://tetxspz880.vip
0,0,0,0,1,1,0,0,0,0,0,0,0,0.0,0,0,0.0,0.0,0,0,1,1,0,0,0,0,0,0,0,9,0,0,0,0,0,0,0,0,0,0,0,0,0,0,0,0,0,0,0,0,0,0,0,0,0,0,0,0,0,0,0,0,0,https://flatironinn.com
1,1,0,0,1,6,0,0,0,0,0,6,1,0.5,3,3,0.5,0.5,0,0,1,1,0,0,0,0,0,0,0,1016,780,1,30,0,0,82,16,13,17,1,3,0,0,1,0,0,0,0,0,0,5,2,1,0,0,0,0,1,0,3,0,1,0,https://timoconnorfranchise.com
1,2,0,0,1,5,0,0,0,0,2,66,14,0.0,0,66,1.0,0.0,7,22,1,7,0,0,0,0,1,0,0,1636,8316,1,79,1,1,180,145,0,19,0,3,0,0,0,1,0,3,6,39,8,2,0,0,0,0,0,0,1,0,12,0,21,0,https://psychology-source.com
1,1,0,0,1,6,0,0,0,0,0,6,1,0.5,3,3,0.5,0.5,0,0,1,1,0,0,0,0,0,0,0,1012,690,1,21,0,0,80,16,13,17,1,3,0,0,1,0,0,0,0,0,0,5,2,1,0,0,0,0,1,0,3,0,1,0,https://jwtravelco.com
1,1,0,0,1,6,0,0,0,0,0,6,1,0.5,3,3,0.5,0.5,0,0,1,1,0,0,0,0,0,0,0,1008,734,1,15,0,0,78,16,14,17,0,3,0,0,0,0,0,0,0,0,0,5,2,1,0,0,0,0,1,0,3,0,1,0,https://vicscale.com
0,0,0,0,1,37,0,0,0,0,0,59,2,0.8135593220338984,48,11,0.1864406779661017,0.8135593220338984,10,0,0,0,0,0,0,0,0,0,0,1748,4500,1,29,1,13,250,79,17,20,19,0,0,0,0,0,0,0,0,47,9,21,1,4,1,0,0,0,4,6,0,0,1,1,https://teslainvestment-stocks.org
1,1,0,0,1,26,0,0,1,1,0,14,1,0.0,0,14,1.0,0.0,0,0,0,0,0,0,0,0,1,0,0,2360,1774,1,75,1,18,159,14,9,17,1,4,0,0,0,0,0,0,0,0,0,8,0,3,2,0,1,0,3,0,5,0,2,0,https://withpianostudio.com
0,0,0,0,1,9,0,0,0,0,0,3,0,1.0,3,0,0.0,1.0,1,0,1,8,0,0,0,0,1,0,0,595,178,1,23,1,6,9,2,6,18,0,0,0,0,0,0,0,0,0,0,0,3,0,0,0,0,0,0,0,0,0,0,0,0,https://signalandstory.org
1,2,0,0,1,5,0,0,0,0,2,64,14,0.0,0,64,1.0,0.0,7,21,1,7,0,0,0,0,1,0,0,1623,8195,1,76,1,1,179,143,0,19,0,3,0,0,0,1,0,3,6,39,8,2,0,0,0,0,0,0,1,0,12,0,21,0,https://anytymebaskets.com
0,0,0,0,1,6,0,0,0,0,0,1,0,0.0,1,0,0.0,1.0,0,0,0,0,0,0,0,0,0,0,0,62,90,1,18,0,1,5,1,1,3,2,0,0,0,0,0,0,0,0,0,0,1,1,0,0,0,0,0,0,0,0,0,0,0,https://advance-doors.com
0,0,0,0,1,6,0,0,0,0,0,1,0,0.0,1,0,0.0,1.0,0,0,0,0,0,0,0,0,0,0,0,62,83,1,18,0,1,5,1,1,3,2,0,0,0,0,0,0,0,0,0,0,1,1,0,0,0,0,0,0,0,0,0,0,0,https://wwwblu.com
1,1,0,0,1,6,0,0,0,0,0,7,2,0.42857142857142855,3,4,0.5714285714285714,0.42857142857142855,0,0,1,1,0,0,0,0,0,0,0,1011,857,1,25,0,0,78,16,14,17,0,3,0,0,0,0,0,0,0,0,0,5,2,1,0,0,0,0,1,0,3,0,1,0,https://refinedworkspaces.com
0,0,0,0,1,6,0,0,0,0,0,1,0,0.0,1,0,0.0,1.0,0,0,0,0,0,0,0,0,0,0,0,62,97,1,18,0,1,5,1,1,3,2,0,0,0,0,0,0,0,0,0,0,1,1,0,0,0,0,0,0,0,0,0,0,0,https://cordeliamarinesupply.com
0,0,0,0,1,6,0,0,0,0,0,1,0,0.0,1,0,0.0,1.0,0,0,0,0,0,0,0,0,0,0,0,62,93,1,18,0,1,5,1,1,3,2,0,0,0,0,0,0,0,0,0,0,1,1,0,0,0,0,0,0,0,0,0,0,0,https://mtwomaintenancel.com
0,0,0,0,1,6,0,0,0,0,0,1,0,0.0,1,0,0.0,1.0,0,0,0,0,0,0,0,0,0,0,0,62,89,1,18,0,1,5,1,1,3,2,0,0,0,0,0,0,0,0,0,0,1,1,0,0,0,0,0,0,0,0,0,0,0,https://elianacogley.net
1,2,0,0,1,7,0,0,2,1,3,27,2,0.8518518518518519,23,4,0.14814814814814814,0.8518518518518519,0,0,0,0,0,0,0,0,1,0,0,719,1651,1,14,1,1,111,24,0,9,5,1,0,0,0,0,0,0,0,21,5,16,1,4,2,0,0,0,2,3,3,0,9,0,https://growstore.pro
0,0,1,2,1,59,0,0,0,0,0,28,0,0.7857142857142857,26,2,0.07142857142857142,0.9285714285714286,0,0,1,5,0,0,0,0,1,0,1,1696,1527,1,29,1,115,171,88,20,25,17,0,0,0,0,0,0,0,0,16,4,17,1,3,0,0,0,0,2,0,4,0,4,0,https://chu-chi-juice.com
0,0,0,0,1,6,0,0,0,0,0,4,1,0.25,1,3,0.75,0.25,0,0,1,1,0,0,0,0,0,0,0,941,531,1,23,0,0,62,16,13,17,1,0,0,0,1,0,0,0,0,0,0,3,2,1,0,0,0,0,1,0,3,0,0,0,https://fityounglife.com
1,3,0,0,1,43,0,0,0,1,4,25,0,0.08,2,23,0.92,0.08,2,0,1,4,0,0,0,0,0,0,0,1806,1045,1,16,0,4,112,56,8,19,7,2,0,0,0,0,0,0,0,26,9,1,1,4,0,0,0,0,2,0,2,0,8,0,https://flexerwave.com
0,0,0,0,1,1,0,0,0,0,0,0,0,0.0,0,0,0.0,0.0,0,0,1,1,0,0,0,0,0,0,0,9,0,0,0,0,0,0,0,0,0,0,0,0,0,0,0,0,0,0,0,0,0,0,0,0,0,0,0,0,0,0,0,0,0,http://fitandwellcsra.com
1,3,0,0,1,35,0,0,0,1,4,45,1,0.044444444444444446,3,42,0.9333333333333333,0.06666666666666667,0,0,1,4,0,0,0,0,0,0,0,2444,3348,1,17,0,4,265,84,17,13,23,2,0,0,0,0,0,0,0,27,9,13,1,11,1,0,0,0,2,0,9,0,7,0,https://mezclapandora.com
1,3,0,0,1,15,1,4,0,0,8,96,0,0.125,12,84,0.875,0.125,0,29,1,8,0,1,1,0,1,0,0,4262,3420,1,65,1,62,716,29,7,8,103,21,1,0,0,0,0,0,0,7,1,1,1,0,0,18,0,0,0,46,0,0,28,0,https://taxi4dac.cfd
1,2,0,0,1,5,0,0,0,0,2,66,14,0.0,0,66,1.0,0.0,7,22,1,7,0,0,0,0,1,0,0,1636,8203,1,71,1,1,180,145,0,19,0,3,0,0,0,1,0,3,6,39,8,2,0,0,0,0,0,0,1,0,12,0,21,0,https://goodwaits.com
0,0,0,0,1,25,0,0,0,0,0,27,1,0.2962962962962963,9,18,0.6666666666666666,0.3333333333333333,0,0,0,0,0,0,0,0,1,0,0,1324,1179,1,24,1,18,150,6,5,20,3,0,0,0,0,0,0,0,0,0,0,3,0,2,0,0,1,0,4,2,6,0,2,0,https://amandinedhuij.com
0,0,0,0,1,3,0,0,0,0,0,2,0,1.0,2,0,0.0,1.0,0,0,0,0,0,0,0,0,0,0,0,100,118,1,26,1,7,5,0,1,14,1,0,0,0,0,0,0,0,0,0,0,2,1,0,0,0,0,0,0,0,0,0,0,0,https://flashandsoforth.com
1,2,0,0,1,5,0,0,0,0,2,66,14,0.0,0,66,1.0,0.0,7,22,1,7,0,0,0,0,1,0,0,1654,8641,1,74,1,1,184,148,0,19,1,3,0,0,0,1,0,3,6,39,8,2,0,0,0,0,0,0,1,0,12,0,21,0,https://millietaylor.com
1,3,1,1,1,16,0,0,0,0,4,58,5,0.8275862068965517,48,10,0.1724137931034483,0.8275862068965517,2,14,1,1,0,1,1,0,0,0,0,1962,5733,1,51,1,43,224,34,1,10,22,10,0,0,0,0,0,0,0,26,7,38,1,6,2,0,0,0,1,0,10,0,7,0,http://bayouninja.com
0,0,0,0,1,59,0,0,0,0,0,1,0,1.0,1,0,0.0,1.0,0,0,1,5,0,0,0,0,1,0,1,609,94,1,66,1,45,62,8,16,25,2,0,0,0,0,0,0,0,0,0,0,0,1,0,0,0,0,0,0,0,2,0,0,0,https://imperpoxgdl.com
0,0,0,0,0,0,0,0,0,0,0,0,0,0.0,0,0,0.0,0.0,0,0,0,0,0,0,0,0,0,0,0,2,5,0,0,0,0,0,0,0,0,0,0,0,0,0,0,0,0,0,0,0,1,0,0,0,0,0,0,0,0,0,0,0,1,https://vivorarecovery-de.com
0,0,0,0,0,0,0,0,0,0,0,0,0,0.0,0,0,0.0,0.0,0,0,0,0,0,0,0,0,0,0,0,66,263,1,36,0,1,1,0,1,1,0,0,0,0,0,0,0,0,0,2,1,0,1,0,0,0,0,0,0,0,0,0,0,0,http://scam-help.net
0,0,0,0,1,5,0,0,0,0,0,8,0,1.0,8,0,0.0,1.0,1,0,1,1,0,0,0,0,0,0,0,152,679,1,45,1,0,20,5,1,4,2,0,0,0,0,0,0,0,0,4,1,4,0,1,6,0,0,0,1,0,0,0,1,0,https://donricoantojeria.com
1,1,0,0,1,6,0,0,0,0,0,6,1,0.5,3,3,0.5,0.5,0,0,1,1,0,0,0,0,0,0,0,1008,844,1,22,0,0,78,16,14,17,0,3,0,0,0,0,0,0,0,0,0,5,2,1,0,0,0,0,1,0,3,0,1,0,https://stuffbydanger.com
0,0,0,0,1,6,0,0,0,0,0,1,0,0.0,1,0,0.0,1.0,0,0,0,0,0,0,0,0,0,0,0,62,96,1,18,0,1,5,1,1,3,2,0,0,0,0,0,0,0,0,0,0,1,1,0,0,0,0,0,0,0,0,0,0,0,https://kitchentablecandles.com
1,1,0,0,1,6,0,0,0,0,0,6,1,0.5,3,3,0.5,0.5,0,0,1,1,0,0,0,0,0,0,0,1008,810,1,21,0,0,78,16,14,17,0,3,0,0,0,0,0,0,0,0,0,5,2,1,0,0,0,0,1,0,3,0,1,0,https://cyberjob.club
1,1,0,0,1,6,0,0,0,0,0,6,1,0.5,3,3,0.5,0.5,0,0,1,1,0,0,0,0,0,0,0,1016,790,1,31,0,0,82,16,13,17,1,3,0,0,1,0,0,0,0,0,0,5,2,1,0,0,0,0,1,0,3,0,1,0,https://hawktacticaltraining.com
0,0,0,0,1,67,0,0,0,0,0,0,0,0.0,0,0,0.0,0.0,0,0,0,0,0,0,0,0,1,0,0,207,13,1,20,1,2,0,0,0,13,0,0,0,0,0,0,0,0,0,0,0,0,0,0,0,0,0,0,0,0,0,0,0,0,https://anitaglaster.com
0,0,0,0,1,6,0,0,0,0,0,1,0,0.0,1,0,0.0,1.0,0,0,0,0,0,0,0,0,0,0,0,62,87,1,18,0,1,5,1,1,3,2,0,0,0,0,0,0,0,0,0,0,1,1,0,0,0,0,0,0,0,0,0,0,0,https://mywallpark.com
1,1,0,0,1,6,0,0,0,0,0,6,1,0.5,3,3,0.5,0.5,0,0,1,1,0,0,0,0,0,0,0,1012,680,1,20,0,0,80,16,13,17,1,3,0,0,1,0,0,0,0,0,0,5,2,1,0,0,0,0,1,0,3,0,1,0,https://thicklimb.com
0,0,0,0,1,6,0,0,0,0,0,1,0,0.0,1,0,0.0,1.0,0,0,0,0,0,0,0,0,0,0,0,62,83,1,18,0,1,5,1,1,3,2,0,0,0,0,0,0,0,0,0,0,1,1,0,0,0,0,0,0,0,0,0,0,0,http://vybbr.life
0,0,0,0,1,6,0,0,0,0,0,1,0,0.0,1,0,0.0,1.0,0,0,0,0,0,0,0,0,0,0,0,62,91,1,18,0,1,5,1,1,3,2,0,0,0,0,0,0,0,0,0,0,1,1,0,0,0,0,0,0,0,0,0,0,0,https://fongindustries.com
0,0,0,0,0,0,0,0,0,0,0,0,0,0.0,0,0,0.0,0.0,0,0,0,0,0,0,0,0,0,0,0,13,0,1,1,0,0,0,0,0,6,0,0,0,0,0,0,0,0,0,0,0,0,0,0,0,0,0,0,0,0,0,0,0,0,https://qcdls.cfd
0,0,0,0,1,1,0,0,0,0,0,0,0,0.0,0,0,0.0,0.0,0,0,1,1,0,0,0,0,0,0,0,9,0,0,0,0,0,0,0,0,0,0,0,0,0,0,0,0,0,0,0,0,0,0,0,0,0,0,0,0,0,0,0,0,0,http://connectjonesandcofinance.com
0,0,0,0,1,1,0,0,0,0,0,0,0,0.0,0,0,0.0,0.0,0,0,1,1,0,0,0,0,0,0,0,9,0,0,0,0,0,0,0,0,0,0,0,0,0,0,0,0,0,0,0,0,0,0,0,0,0,0,0,0,0,0,0,0,0,http://voteridtopfunders.com
0,0,0,0,1,6,0,0,0,0,0,1,0,0.0,1,0,0.0,1.0,0,0,0,0,0,0,0,0,0,0,0,62,83,1,18,0,1,5,1,1,3,2,0,0,0,0,0,0,0,0,0,0,1,1,0,0,0,0,0,0,0,0,0,0,0,https://139ent.com
1,1,0,0,1,1,0,0,0,1,0,29,4,0.0,0,29,1.0,0.0,2,2,0,0,0,0,0,0,1,0,0,624,5540,1,26,1,0,121,13,0,3,9,4,0,0,0,0,0,0,0,0,0,20,1,10,0,0,0,0,2,1,1,0,3,0,https://globalhome.icu
1,2,0,0,1,5,0,0,0,0,2,62,14,0.0,0,62,1.0,0.0,7,20,1,7,0,0,0,0,1,0,0,1628,8465,1,68,1,1,182,144,0,19,1,3,0,0,0,1,0,3,6,39,8,2,0,0,0,0,0,0,1,0,12,0,21,0,https://miisto.com
0,0,0,0,1,6,0,0,0,0,0,1,0,0.0,1,0,0.0,1.0,0,0,0,0,0,0,0,0,0,0,0,62,87,1,18,0,1,5,1,1,3,2,0,0,0,0,0,0,0,0,0,0,1,1,0,0,0,0,0,0,0,0,0,0,0,https://elianajane.net
0,0,0,0,1,3,0,0,0,0,0,2,0,0.0,2,0,0.0,1.0,0,0,0,0,0,0,0,0,1,0,0,284,273,1,34,0,0,1,0,1,1,0,0,0,0,0,0,0,0,0,0,0,2,1,1,1,0,0,0,0,0,0,0,0,0,https://falconscare.com
0,0,0,0,0,0,0,0,0,0,0,8,0,0.125,4,4,0.5,0.5,0,4,1,4,0,0,0,0,1,0,0,137,397,1,27,1,0,16,10,0,5,2,0,0,0,0,0,0,0,0,0,0,11,1,0,0,0,0,0,0,0,0,0,0,0,http://witsendapothecary.com
1,1,0,0,1,6,0,0,0,0,0,6,1,0.5,3,3,0.5,0.5,0,0,1,1,0,0,0,0,0,0,0,1012,760,1,28,0,0,80,16,13,17,1,3,0,0,1,0,0,0,0,0,0,5,2,1,0,0,0,0,1,0,3,0,1,0,https://classetmanagement.com
0,0,0,0,1,63,0,0,0,0,0,18,8,0.5555555555555556,10,8,0.4444444444444444,0.5555555555555556,0,0,0,0,0,0,0,0,0,0,0,668,307,1,24,0,3,43,10,26,14,0,0,0,0,0,0,0,0,0,13,5,5,1,2,0,0,0,0,3,0,0,0,3,0,https://orchidstore.net
0,0,0,0,1,24,0,0,0,0,0,6,5,0.0,0,6,1.0,0.0,0,3,1,13,0,1,1,0,0,0,0,394,163,1,14,0,4,24,11,0,2,4,0,0,0,0,0,0,0,0,0,0,5,0,0,0,0,0,0,0,0,5,0,0,0,https://luckybet01.com
0,0,0,0,0,0,0,0,0,0,0,0,0,0.0,0,0,0.0,0.0,0,0,0,0,0,0,0,0,0,0,0,66,263,1,36,0,1,1,0,1,1,0,0,0,0,0,0,0,0,0,2,1,0,1,0,0,0,0,0,0,0,0,0,0,0,https://kuwaitoasisplatinum.com
0,0,0,0,1,5,0,0,0,0,0,8,0,1.0,8,0,0.0,1.0,1,0,1,1,0,0,0,0,0,0,0,152,679,1,45,1,0,20,5,1,4,2,0,0,0,0,0,0,0,0,4,1,4,0,1,6,0,0,0,1,0,0,0,1,0,https://propeciacost.store
1,1,0,0,1,6,0,0,0,0,0,6,1,0.5,3,3,0.5,0.5,0,0,1,1,0,0,0,0,0,0,0,1008,844,1,22,0,0,78,16,14,17,0,3,0,0,0,0,0,0,0,0,0,5,2,1,0,0,0,0,1,0,3,0,1,0,https://rdhrealtyteam.com
0,0,0,0,1,43,0,0,0,0,1,17,0,0.5882352941176471,10,7,0.4117647058823529,0.5882352941176471,0,0,0,0,0,0,0,0,1,0,0,590,743,1,32,1,7,38,6,2,18,11,0,0,0,2,0,0,0,0,9,3,4,1,2,0,0,0,0,2,0,1,0,2,0,http://rileygt.com
0,0,0,0,1,2,0,0,0,0,0,0,0,0.0,0,0,0.0,0.0,0,0,0,0,0,0,0,0,1,0,0,48,138,1,28,0,0,4,2,0,2,1,1,0,0,0,0,0,0,0,0,0,2,1,0,0,0,0,0,0,0,0,0,1,0,https://ignitewill.com
0,0,0,0,0,0,0,0,0,0,0,8,0,0.125,4,4,0.5,0.5,0,4,1,4,0,0,0,0,1,0,0,137,397,1,27,1,0,16,10,0,5,2,0,0,0,0,0,0,0,0,0,0,11,1,0,0,0,0,0,0,0,0,0,0,0,http://mindsheath.com
1,2,0,0,1,5,0,0,0,0,2,66,14,0.0,0,66,1.0,0.0,7,22,1,7,0,0,0,0,1,0,0,1636,8293,1,75,1,1,180,145,0,19,0,3,0,0,0,1,0,3,6,39,8,2,0,0,0,0,0,0,1,0,12,0,21,0,https://midlandregion.com
0,0,0,0,1,5,0,0,0,0,0,8,0,1.0,8,0,0.0,1.0,1,0,1,1,0,0,0,0,0,0,0,152,679,1,45,1,0,20,5,1,4,2,0,0,0,0,0,0,0,0,4,1,4,0,1,6,0,0,0,1,0,0,0,1,0,https://tgglobalconsulting.com
1,1,0,0,1,6,0,0,0,0,0,7,2,0.42857142857142855,3,4,0.5714285714285714,0.42857142857142855,0,0,1,1,0,0,0,0,0,0,0,1025,726,1,21,0,0,81,16,13,17,1,3,0,0,1,0,0,0,0,0,0,5,2,1,0,0,0,0,1,0,3,0,1,0,https://blublushop.com
0,0,0,0,1,5,0,0,0,0,0,8,0,1.0,8,0,0.0,1.0,1,0,1,1,0,0,0,0,0,0,0,152,679,1,45,1,0,20,5,1,4,2,0,0,0,0,0,0,0,0,4,1,4,0,1,6,0,0,0,1,0,0,0,1,0,https://rudolphmichaillebowers.com
1,1,0,0,1,18,0,0,0,1,5,17,6,0.6470588235294118,11,6,0.35294117647058826,0.6470588235294118,4,1,1,5,0,0,0,0,1,0,0,605,402,1,32,1,4,18,5,8,15,4,0,0,0,0,0,0,0,0,13,3,0,0,0,0,0,0,0,0,0,0,0,1,0,https://themidlifedatingfiles.com
1,1,0,0,1,6,0,0,0,0,0,7,2,0.42857142857142855,3,4,0.5714285714285714,0.42857142857142855,0,0,1,1,0,0,0,0,0,0,0,1034,784,1,30,0,0,85,17,14,17,0,3,0,0,0,0,0,0,0,0,0,5,2,1,0,0,0,0,3,0,3,0,1,0,http://rockysexpress.services
0,0,0,0,1,6,0,0,0,0,0,4,1,0.25,1,3,0.75,0.25,0,0,1,1,0,0,0,0,0,0,0,941,551,1,25,0,0,62,16,13,17,1,0,0,0,1,0,0,0,0,0,0,3,2,1,0,0,0,0,1,0,3,0,0,0,https://thegoldenimpex.com
0,0,0,0,1,58,0,0,0,0,0,13,1,0.8461538461538461,11,2,0.15384615384615385,0.8461538461538461,0,0,1,5,0,0,0,0,1,0,0,1027,1087,1,38,0,157,134,17,21,17,6,0,0,0,0,0,0,0,0,5,1,14,0,4,0,0,0,0,1,0,3,0,1,0,https://csoconstructiongroup.com
1,1,0,0,1,6,0,0,0,0,0,6,1,0.5,3,3,0.5,0.5,0,0,1,1,0,0,0,0,0,0,0,1012,650,1,17,0,0,80,16,13,17,1,3,0,0,1,0,0,0,0,0,0,5,2,1,0,0,0,0,1,0,3,0,1,0,https://silask.ing
0,0,0,0,1,59,0,0,0,0,0,22,1,0.8636363636363636,20,2,0.09090909090909091,0.9090909090909091,0,0,1,5,0,0,0,0,1,0,1,2937,538,1,31,0,81,238,46,20,17,14,0,0,0,1,0,0,0,0,11,5,17,2,0,0,0,0,0,1,0,3,0,6,0,https://pelotacy.com
1,1,0,0,1,6,0,0,0,0,0,6,1,0.5,3,3,0.5,0.5,0,0,1,1,0,0,0,0,0,0,0,1016,720,1,24,0,0,82,16,13,17,1,3,0,0,1,0,0,0,0,0,0,5,2,1,0,0,0,0,1,0,3,0,1,0,https://lonestartoken.com
1,2,0,0,1,5,0,0,0,0,2,66,14,0.0,0,66,1.0,0.0,7,22,1,7,0,0,0,0,1,0,0,1654,8554,1,72,1,1,184,148,0,19,1,3,0,0,0,1,0,3,6,39,8,2,0,0,0,0,0,0,1,0,12,0,21,0,https://demionline.com
1,2,0,0,1,11,1,2,0,0,2,71,0,0.18309859154929578,13,58,0.8169014084507042,0.18309859154929578,3,4,1,4,0,0,0,0,1,0,0,1603,8284,1,63,1,8,164,200,1,46,59,0,0,0,0,0,0,0,0,66,18,18,1,0,3,0,0,0,2,0,0,0,18,0,https://4boboslot.org
1,6,0,0,1,48,0,0,0,1,19,120,84,0.025,7,113,0.9416666666666667,0.058333333333333334,2,0,1,5,0,0,0,0,0,0,0,4239,4566,1,21,0,4,204,335,12,19,10,5,0,0,0,0,0,0,0,113,11,5,1,11,0,0,0,0,2,0,5,0,20,0,https://maisondaroma.com
0,0,0,0,1,11,0,0,0,0,0,5,0,1.0,5,0,0.0,1.0,0,0,0,0,0,0,0,0,0,0,0,345,153,1,22,0,1,19,4,16,4,0,0,0,0,0,0,0,0,0,4,1,4,0,0,1,0,0,0,2,0,0,0,4,0,https://imoveisjose.com
0,0,0,0,1,6,0,0,0,0,0,4,1,0.25,1,3,0.75,0.25,0,0,1,1,0,0,0,0,0,0,0,951,606,1,20,0,0,63,16,13,17,1,0,0,0,1,0,0,0,0,0,0,3,2,1,0,0,0,0,1,0,3,0,0,0,https://lunarahoa.com
1,1,0,0,1,6,0,0,0,0,0,6,1,0.5,3,3,0.5,0.5,0,0,1,1,0,0,0,0,0,0,0,1012,740,1,26,0,0,80,16,13,17,1,3,0,0,1,0,0,0,0,0,0,5,2,1,0,0,0,0,1,0,3,0,1,0,https://thegilded-table.com
1,1,0,0,1,6,0,0,0,0,0,6,1,0.5,3,3,0.5,0.5,0,0,1,1,0,0,0,0,0,0,0,1012,730,1,25,0,0,80,16,13,17,1,3,0,0,1,0,0,0,0,0,0,5,2,1,0,0,0,0,1,0,3,0,1,0,https://ygcapebuilders.com
1,2,0,0,1,5,0,0,0,0,2,66,14,0.0,0,66,1.0,0.0,7,22,1,7,0,0,0,0,1,0,0,1654,8692,1,83,1,1,184,148,0,19,1,3,0,0,0,1,0,3,6,39,8,2,0,0,0,0,0,0,1,0,12,0,21,0,http://rasberryandassociates.com
1,4,0,0,1,4,0,0,0,0,0,243,22,0.0,0,243,1.0,0.0,0,69,1,12,0,1,1,0,0,0,0,3945,8096,1,18,0,2,509,500,0,6,39,38,1,0,0,0,0,0,0,126,16,57,1,0,4,4,0,0,1,0,0,0,75,1,https://metafbbrowsersa-urltr.cfd
0,0,0,0,1,9,0,0,0,0,0,19,8,0.5263157894736842,10,9,0.47368421052631576,0.5263157894736842,0,5,0,0,0,0,0,0,0,0,0,577,1600,1,30,0,15,122,11,6,4,13,0,0,0,1,0,0,0,0,8,2,11,1,3,1,0,0,0,2,1,3,0,1,0,https://journeythroughjapan.org
0,0,0,0,1,24,0,0,0,0,0,35,0,0.9714285714285714,34,1,0.02857142857142857,0.9714285714285714,0,0,0,0,0,0,0,0,0,0,0,978,588,1,17,0,15,101,24,13,6,10,0,0,0,0,0,0,0,0,19,3,7,2,1,0,0,0,0,2,0,0,0,2,0,https://lummeskin.com
1,2,0,0,1,5,0,0,0,0,2,66,14,0.0,0,66,1.0,0.0,7,22,1,7,0,0,0,0,1,0,0,1646,8238,1,77,1,1,184,146,0,19,1,3,0,0,0,1,0,3,6,38,8,2,0,0,0,0,0,0,1,0,12,0,21,0,https://twin-boropestcontrol.com
0,0,0,0,0,0,0,0,0,0,0,0,0,0.0,0,0,0.0,0.0,0,0,0,0,0,0,0,0,0,0,0,1489,181,1,57,0,0,7,0,3,4,0,0,0,0,0,0,0,0,0,0,0,1,1,0,0,0,0,0,0,0,1,0,0,0,https://betflik168.art
1,2,0,0,1,5,0,0,0,0,2,64,14,0.0,0,64,1.0,0.0,7,21,1,7,0,0,0,0,1,0,0,1607,8171,1,73,1,1,179,139,0,19,0,3,0,0,0,1,0,3,6,37,8,2,0,0,0,0,0,0,1,0,12,0,21,0,http://steady.training
1,1,0,0,1,5,0,0,0,0,0,11,2,0.0,0,11,1.0,0.0,0,0,1,1,0,0,0,0,1,0,0,1516,1513,1,88,1,892,126,11,3,17,15,11,0,0,0,0,0,0,0,8,2,16,1,0,12,0,0,0,2,0,6,0,2,0,https://iapmontepio.com
0,0,0,0,1,114,0,0,0,0,0,0,0,0.0,0,0,0.0,0.0,0,0,0,0,0,0,0,0,1,0,0,348,14,1,21,1,2,0,0,0,13,0,0,0,0,0,0,0,0,0,0,0,0,0,0,0,0,0,0,0,0,0,0,0,0,https://davidcraddockbooks.com
1,2,0,0,1,5,0,0,0,0,2,64,14,0.0,0,64,1.0,0.0,7,21,1,7,0,0,0,0,1,0,0,1641,8594,1,77,1,1,183,146,0,19,1,3,0,0,0,1,0,3,6,39,8,2,0,0,0,0,0,0,1,0,12,0,21,0,http://dailyfreshmanna.com
0,0,0,0,1,24,0,0,0,0,0,15,0,0.13333333333333333,6,9,0.6,0.4,0,0,0,0,0,0,0,0,1,0,0,1199,2845,1,23,0,68,309,21,15,10,15,0,0,0,0,0,0,0,0,10,3,0,0,0,28,0,0,0,0,0,0,0,3,0,http://clevera.space
1,2,0,0,1,3,0,0,0,2,0,36,0,0.027777777777777776,1,35,0.9722222222222222,0.027777777777777776,0,0,0,0,0,0,0,0,1,0,0,1061,4936,1,51,1,0,97,22,0,3,24,13,0,0,0,0,0,0,0,21,7,32,1,10,0,0,0,0,2,8,12,0,7,0,https://novatiera.com
1,2,0,0,1,5,0,0,0,0,2,66,14,0.0,0,66,1.0,0.0,7,22,1,7,0,0,0,0,1,0,0,1654,8593,1,73,1,1,184,148,0,19,1,3,0,0,0,1,0,3,6,39,8,2,0,0,0,0,0,0,1,0,12,0,21,0,http://sharpticket.com
1,4,0,0,1,14,0,0,0,2,42,20,2,0.1,2,18,0.9,0.1,1,2,1,4,1,0,0,0,1,0,0,1584,3298,1,74,1,23,84,17,2,13,3,31,1,0,0,8,53,53,53,4,1,7,1,14,0,3,0,0,0,0,17,1,9,0,http://6031redcloverlane.com
1,2,0,0,1,5,0,0,0,0,2,66,14,0.0,0,66,1.0,0.0,7,22,1,7,0,0,0,0,1,0,0,1620,8288,1,72,1,1,180,141,0,19,0,3,0,0,0,1,0,3,6,37,8,2,0,0,0,0,0,0,1,0,12,0,21,0,http://monat.business
1,10,0,0,1,48,0,0,0,1,39,131,85,0.03816793893129771,7,124,0.9465648854961832,0.05343511450381679,2,0,1,4,0,0,0,0,0,0,0,4349,5084,1,16,0,4,294,375,10,16,14,5,0,0,0,0,0,0,0,122,12,5,1,6,0,0,0,0,2,0,5,0,36,0,https://clearmyaura.com
1,2,0,0,1,5,0,0,0,0,2,64,14,0.0,0,64,1.0,0.0,7,21,1,7,0,0,0,0,1,0,0,1641,8562,1,75,1,1,183,146,0,19,1,3,0,0,0,1,0,3,6,39,8,2,0,0,0,0,0,0,1,0,12,0,21,0,https://artistsfusion.com
1,3,1,1,1,16,0,0,0,0,4,58,5,0.8275862068965517,48,10,0.1724137931034483,0.8275862068965517,2,14,1,1,0,1,1,0,0,0,0,1962,5684,1,49,1,43,224,34,1,10,22,10,0,0,0,0,0,0,0,26,7,38,1,6,2,0,0,0,1,0,10,0,7,0,http://chicstil.com
0,0,1,2,1,59,0,0,0,0,0,28,0,0.7857142857142857,26,2,0.07142857142857142,0.9285714285714286,0,0,1,5,0,0,0,0,1,0,1,1696,1527,1,29,1,115,171,88,20,25,17,0,0,0,0,0,0,0,0,16,4,17,1,3,0,0,0,0,2,0,4,0,4,0,https://chuchi-juice.com
1,1,0,0,1,34,0,0,0,0,0,47,7,0.7872340425531915,37,10,0.2127659574468085,0.7872340425531915,0,0,0,0,0,0,0,0,1,0,0,2027,4764,1,33,1,40,184,117,7,8,77,7,0,0,0,0,0,0,0,64,8,20,1,8,0,0,0,0,7,0,2,0,63,0,https://leopoldinastudio.com
1,3,0,0,1,42,0,0,0,1,4,29,4,0.1724137931034483,7,22,0.7586206896551724,0.2413793103448276,2,0,1,4,0,0,0,0,0,0,0,1888,1040,1,31,1,4,112,64,10,21,7,2,0,0,0,0,0,0,0,31,9,2,1,5,0,0,0,0,2,0,4,0,9,0,https://top25trendingproducts.com
1,1,0,0,1,72,0,0,0,1,0,8,0,1.0,8,0,0.0,1.0,0,0,1,5,0,0,0,0,1,0,1,3388,1797,1,141,1,47,399,130,27,24,17,14,0,0,0,0,0,0,0,0,0,11,2,8,4,0,0,0,0,0,7,0,3,0,https://josiescoffee.com
0,0,0,0,1,5,0,0,0,0,0,2,2,0.0,0,2,1.0,0.0,0,0,0,0,0,0,0,0,1,0,0,6437,1978,1,90,1,5025,330,98,5,12,15,0,0,0,0,0,0,0,0,7,3,19,7,10,0,0,0,0,0,0,0,0,7,0,https://growwithfunk.com
1,6,1,7,1,1,0,0,0,0,0,290,54,0.8068965517241379,234,56,0.19310344827586207,0.8068965517241379,2,51,0,0,0,0,0,0,1,0,0,7838,35747,1,49,1,10,1171,419,17,19,71,9,0,0,0,0,0,0,0,66,9,9,1,6,33,0,1,0,7,2,2,0,14,0,https://detrendynews.com
1,2,0,0,1,13,0,0,0,0,0,125,23,0.0,0,125,1.0,0.0,0,41,1,51,0,0,0,0,1,0,0,9004,6412,1,50,0,0,1993,336,4,5,140,237,0,0,0,0,0,0,0,39,1,0,1,0,0,0,0,0,0,39,48,0,78,1,https://buradanalsakinkacirma.sbs
1,40,0,0,1,84,0,0,0,1,229,145,0,0.006896551724137931,1,144,0.993103448275862,0.006896551724137931,3,0,1,4,0,0,0,0,0,0,0,14382,10643,1,20,0,6,1005,1088,40,15,317,4,0,0,0,0,0,0,0,95,14,57,4,3,8,0,0,0,4,0,1,0,144,0,https://baie-london.store
